label,mode,vis,bs,cw,n,samples,total_steps,step_mean,step_median,step_p99,step_min,step_std,frame_mean,frame_median,frame_p99,frame_min,frame_std,fps,fps_low1,step_fps
coherent_vis0_bs128_cw1_n5000,coherent,0,128,1,5000,2800,3000,0.2232,0.1597,0.8909,0.1321,0.1480,0.7360,0.6435,1.8745,0.4710,0.2400,1358.6893,454.5750,4480.2824
coherent_vis0_bs128_cw1_n20000,coherent,0,128,1,20000,2800,3000,0.4496,0.3953,1.0006,0.2642,0.1620,0.9697,0.8813,2.2523,0.7424,0.2664,1031.2198,382.8384,2224.2207
coherent_vis0_bs128_cw1_n50000,coherent,0,128,1,50000,2800,3000,0.4763,0.4424,0.9873,0.2806,0.1498,0.9824,0.9258,1.8652,0.7560,0.2169,1017.9105,421.5680,2099.4162
coherent_vis0_bs128_cw1_n200000,coherent,0,128,1,200000,2800,3000,0.3137,0.2560,0.9277,0.2181,0.1435,0.8498,0.7687,2.1017,0.5698,0.2710,1176.7162,401.2255,3187.6519
coherent_vis0_bs128_cw1_n500000,coherent,0,128,1,500000,2800,3000,0.9086,0.8755,1.3711,0.6748,0.1518,1.4312,1.3809,2.6063,1.2134,0.2232,698.7171,342.3054,1100.6023
coherent_vis0_bs128_cw1_n1000000,coherent,0,128,1,1000000,2800,3000,2.3044,2.1878,3.7418,1.6865,0.3525,2.8137,2.7403,4.3242,2.3470,0.3886,355.4037,217.5014,433.9605
scattered_vis0_bs128_cw1_n5000,scattered,0,128,1,5000,2800,3000,0.2233,0.1925,0.8182,0.1341,0.1249,0.7423,0.6646,1.9770,0.4817,0.2459,1347.1181,432.3289,4478.1958
scattered_vis0_bs128_cw1_n20000,scattered,0,128,1,20000,2800,3000,0.5168,0.4762,1.0681,0.3226,0.1517,1.0305,0.9584,2.1680,0.7974,0.2472,970.3669,383.5969,1935.0549
scattered_vis0_bs128_cw1_n50000,scattered,0,128,1,50000,2800,3000,0.5460,0.5181,1.0383,0.3471,0.1421,1.0596,1.0051,2.0540,0.8338,0.2206,943.7693,396.1444,1831.5429
scattered_vis0_bs128_cw1_n200000,scattered,0,128,1,200000,2800,3000,0.8450,0.8033,1.2974,0.7629,0.1115,1.3920,1.3121,2.6732,1.1086,0.2549,718.3877,333.3790,1183.4347
scattered_vis0_bs128_cw1_n500000,scattered,0,128,1,500000,2800,3000,9.2453,9.0875,10.8794,8.4859,0.5518,9.7970,9.6410,11.5237,9.0217,0.5620,102.0717,82.8112,108.1628
scattered_vis0_bs128_cw1_n1000000,scattered,0,128,1,1000000,2800,3000,63.8008,63.7972,64.9425,62.5971,1.4778,64.3637,64.3514,65.5937,63.1426,1.4859,15.5367,13.5788,15.6738
coherent_vis0_bs32_cw2_n200000,coherent,0,32,2,200000,2800,3000,0.7553,0.7260,1.2820,0.5652,0.1529,1.2840,1.2259,2.4148,1.0482,0.2382,778.8104,349.4557,1323.8918
coherent_vis0_bs32_cw2_n1000000,coherent,0,32,2,1000000,2800,3000,6.3320,6.2495,7.2224,5.9894,0.2920,6.8588,6.7645,7.7716,6.5416,0.3117,145.7974,117.7886,157.9278
naive_vis0_bs32_cw2_n200000,naive,0,32,2,200000,100,300,136.6633,136.7030,141.8893,133.0801,2.3214,137.1900,137.2086,142.4120,133.5852,2.3139,7.2892,6.9700,7.3173
scattered_vis0_bs32_cw2_n200000,scattered,0,32,2,200000,2800,3000,1.5266,1.4162,2.8672,1.2575,0.2763,2.0519,1.9386,3.5906,1.7616,0.3109,487.3543,262.1075,655.0656
scattered_vis0_bs32_cw2_n1000000,scattered,0,32,2,1000000,2222,2422,102.1201,105.7357,135.4075,23.7517,20.4236,102.6636,106.3253,134.5101,24.2248,20.4975,9.7406,5.7972,9.7924
coherent_vis0_bs64_cw2_n200000,coherent,0,64,2,200000,2800,3000,0.6647,0.6267,1.2084,0.4516,0.2254,1.1916,1.1200,2.4725,0.9179,0.2996,839.1813,308.8766,1504.5320
coherent_vis0_bs64_cw2_n1000000,coherent,0,64,2,1000000,2800,3000,4.1781,4.2455,4.9482,3.4877,0.4125,4.7071,4.7433,6.0287,4.1510,0.4058,212.4465,144.5664,239.3438
naive_vis0_bs64_cw2_n200000,naive,0,64,2,200000,100,300,104.4171,104.3569,105.7787,103.1926,0.6433,104.9757,104.9316,106.2920,103.7250,0.6388,9.5260,9.3923,9.5770
scattered_vis0_bs64_cw2_n200000,scattered,0,64,2,200000,2800,3000,1.6456,1.5278,2.9871,1.3158,0.6556,2.1725,2.0497,3.6734,1.8040,0.6964,460.3094,200.2071,607.6912
coherent_vis0_bs128_cw2_n5000,coherent,0,128,2,5000,2800,3000,0.2227,0.1587,0.8860,0.1239,0.1518,0.7503,0.6464,1.9317,0.4489,0.2729,1332.8616,437.2650,4490.5517
coherent_vis0_bs128_cw2_n10000,coherent,0,128,2,10000,2800,3000,0.2212,0.1638,0.6728,0.1300,0.1209,0.7290,0.6541,1.4898,0.4622,0.2071,1371.6594,486.5926,4521.1015
coherent_vis0_bs128_cw2_n20000,coherent,0,128,2,20000,2800,3000,0.2421,0.1731,0.7979,0.1403,0.1482,0.7619,0.6704,1.9139,0.4906,0.2582,1312.4853,426.9432,4130.6501
coherent_vis0_bs128_cw2_n50000,coherent,0,128,2,50000,2800,3000,0.2535,0.1946,0.7712,0.1536,0.1269,0.7721,0.6885,1.8747,0.4972,0.2339,1295.2347,434.1678,3945.4207
coherent_vis0_bs128_cw2_n100000,coherent,0,128,2,100000,2800,3000,0.3030,0.2304,0.9249,0.1997,0.1502,0.8418,0.7633,2.0660,0.5461,0.2682,1187.9636,410.5524,3300.6957
coherent_vis0_bs128_cw2_n200000,coherent,0,128,2,200000,2800,3000,0.6357,0.6052,1.1818,0.4229,0.1561,1.1779,1.1071,2.3911,0.9085,0.2713,848.9810,359.7788,1573.0795
coherent_vis0_bs128_cw2_n500000,coherent,0,128,2,500000,2800,3000,1.3012,1.2708,1.8166,1.0363,0.1746,1.8482,1.7749,2.9831,1.5872,0.2445,541.0573,303.7282,768.5279
coherent_vis0_bs128_cw2_n1000000,coherent,0,128,2,1000000,2800,3000,3.8891,3.9660,5.0478,3.2676,0.3904,4.4337,4.5072,6.0215,3.9330,0.3788,225.5462,153.2053,257.1265
naive_vis0_bs128_cw2_n5000,naive,0,128,2,5000,2800,3000,0.5482,0.5478,0.5530,0.5437,0.0025,1.0974,1.0225,2.1581,0.8650,0.2236,911.2266,401.3019,1824.2260
naive_vis0_bs128_cw2_n10000,naive,0,128,2,10000,2800,3000,1.2061,1.0967,2.5426,1.0926,0.2436,1.7211,1.5841,3.1423,1.4159,0.3013,581.0076,298.6377,829.1401
naive_vis0_bs128_cw2_n20000,naive,0,128,2,20000,2800,3000,2.3712,2.2303,3.2344,2.2231,0.2784,2.9264,2.8335,4.6207,2.5537,0.3228,341.7188,209.8464,421.7307
naive_vis0_bs128_cw2_n50000,naive,0,128,2,50000,2800,3000,8.5018,8.4081,9.3164,6.6765,0.3180,9.0470,8.9540,9.9995,7.5777,0.3431,110.5340,97.6177,117.6221
naive_vis0_bs128_cw2_n100000,naive,0,128,2,100000,800,1000,28.7902,28.3853,30.5677,27.7965,0.6054,29.3462,29.0245,31.1430,28.7804,0.6232,34.0760,31.8807,34.7341
naive_vis0_bs128_cw2_n200000,naive,0,128,2,200000,100,300,106.3688,106.3982,107.3052,104.7460,0.6563,106.9350,107.0554,107.8964,105.1829,0.6696,9.3515,9.2479,9.4013
scattered_vis0_bs128_cw2_n5000,scattered,0,128,2,5000,2800,3000,0.2559,0.1925,0.9117,0.1321,0.1524,0.7888,0.7158,1.9640,0.4702,0.2637,1267.7011,421.0773,3908.2123
scattered_vis0_bs128_cw2_n10000,scattered,0,128,2,10000,2800,3000,0.2770,0.2222,0.8655,0.1536,0.1454,0.8345,0.7304,2.1136,0.5080,0.2887,1198.3246,411.3201,3610.4900
scattered_vis0_bs128_cw2_n20000,scattered,0,128,2,20000,2800,3000,0.3046,0.2458,0.8868,0.1761,0.1430,0.8463,0.7692,1.9897,0.5397,0.2626,1181.5673,413.0939,3282.9071
scattered_vis0_bs128_cw2_n50000,scattered,0,128,2,50000,2800,3000,0.3634,0.3062,0.9472,0.2253,0.1449,0.9059,0.8309,2.0952,0.5771,0.2606,1103.8206,421.3739,2751.9766
scattered_vis0_bs128_cw2_n100000,scattered,0,128,2,100000,2800,3000,0.6320,0.5919,1.0916,0.4506,0.1196,1.1550,1.1052,2.0592,0.8371,0.2188,865.7810,388.3452,1582.1634
scattered_vis0_bs128_cw2_n200000,scattered,0,128,2,200000,2800,3000,1.6486,1.5524,2.4886,1.3373,0.2698,2.1680,2.0602,3.4680,1.8455,0.3019,461.2509,261.4828,606.5868
scattered_vis0_bs128_cw2_n500000,scattered,0,128,2,500000,2800,3000,13.8166,13.6489,15.5927,12.7713,0.6442,14.3951,14.2413,16.2039,13.3159,0.6580,69.4680,60.8543,72.3769
scattered_vis0_bs128_cw2_n1000000,scattered,0,128,2,1000000,2800,3000,120.2494,119.8049,133.7004,117.9013,4.3892,120.8698,120.4185,134.9284,118.3901,4.4595,8.2734,6.2193,8.3160
coherent_vis0_bs256_cw2_n200000,coherent,0,256,2,200000,2800,3000,0.6277,0.6062,1.0926,0.4260,0.1373,1.1415,1.0825,2.2302,0.9069,0.2222,876.0640,381.1463,1592.9949
coherent_vis0_bs256_cw2_n1000000,coherent,0,256,2,1000000,2800,3000,3.8722,3.9787,4.5373,3.2788,0.3530,4.4169,4.4960,5.1631,3.9614,0.3348,226.4051,165.3273,258.2485
naive_vis0_bs256_cw2_n200000,naive,0,256,2,200000,100,300,104.2792,104.2919,105.4937,102.8813,0.7448,104.8558,104.8581,106.0589,103.3593,0.7497,9.5369,9.4197,9.5896
scattered_vis0_bs256_cw2_n200000,scattered,0,256,2,200000,2800,3000,1.6849,1.5708,3.0742,1.3496,0.5479,2.2115,2.0942,3.7561,1.8634,0.5706,452.1869,210.6795,593.5014
coherent_vis0_bs512_cw2_n200000,coherent,0,512,2,200000,2800,3000,0.6389,0.6093,1.1716,0.4229,0.1599,1.1683,1.0962,2.4628,0.9139,0.2615,855.9728,361.7113,1565.2596
coherent_vis0_bs512_cw2_n1000000,coherent,0,512,2,1000000,2800,3000,3.8532,3.9163,4.5097,3.2543,0.3333,4.3988,4.4568,5.0767,3.9311,0.3098,227.3350,180.9721,259.5235
naive_vis0_bs512_cw2_n200000,naive,0,512,2,200000,100,300,103.2532,103.5689,104.5489,101.6924,0.5359,103.8383,104.0800,105.1448,103.1730,0.5240,9.6304,9.5007,9.6849
scattered_vis0_bs512_cw2_n200000,scattered,0,512,2,200000,2800,3000,1.6520,1.5165,3.1887,1.3138,0.3252,2.1787,2.0476,3.7536,1.8357,0.3667,458.9855,249.8396,605.3250
coherent_vis0_bs1024_cw2_n200000,coherent,0,1024,2,200000,2800,3000,0.6574,0.6277,1.1510,0.4526,0.1512,1.1836,1.1155,2.4104,0.9320,0.2542,844.8707,363.1299,1521.0888
coherent_vis0_bs1024_cw2_n1000000,coherent,0,1024,2,1000000,2800,3000,3.9390,4.0299,5.5145,3.3475,0.3664,4.4719,4.5357,6.1484,4.0136,0.3501,223.6171,157.5053,253.8707
naive_vis0_bs1024_cw2_n200000,naive,0,1024,2,200000,100,300,125.6813,125.3550,137.3035,122.9855,2.1172,126.2082,125.8472,137.8677,123.4772,2.1352,7.9234,7.1614,7.9566
scattered_vis0_bs1024_cw2_n200000,scattered,0,1024,2,200000,2800,3000,1.8766,1.7664,3.2553,1.5442,0.2997,2.3948,2.2839,3.9041,2.0500,0.3233,417.5686,239.0245,532.8782
coherent_vis1_bs128_cw2_n5000,coherent,1,128,2,5000,2800,3000,0.2345,0.1567,0.7342,0.1270,0.1502,1.1271,1.0415,2.2817,0.7644,0.2863,887.2530,385.6229,4265.1075
coherent_vis1_bs128_cw2_n20000,coherent,1,128,2,20000,2800,3000,0.2551,0.1761,0.8569,0.1423,0.1631,1.1176,1.0131,2.5104,0.6616,0.3156,894.8067,366.8345,3920.4298
coherent_vis1_bs128_cw2_n50000,coherent,1,128,2,50000,2800,3000,0.2657,0.1915,0.7937,0.1546,0.1524,1.1181,1.0150,2.2586,0.7725,0.2845,894.3411,386.3033,3763.1359
coherent_vis1_bs128_cw2_n200000,coherent,1,128,2,200000,2800,3000,0.7262,0.6861,1.2280,0.4362,0.1431,1.5995,1.5025,2.9462,1.2758,0.2999,625.2063,319.2677,1377.1011
coherent_vis1_bs128_cw2_n1000000,coherent,1,128,2,1000000,2800,3000,4.1010,4.2301,4.8056,3.3311,0.3225,5.1043,5.1201,5.8480,4.3346,0.3004,195.9138,158.0283,243.8409
naive_vis1_bs128_cw2_n5000,naive,1,128,2,5000,2800,3000,0.5488,0.5478,0.5540,0.5448,0.0040,1.4699,1.3830,2.8716,1.1653,0.2855,680.2966,330.5032,1822.2439
naive_vis1_bs128_cw2_n20000,naive,1,128,2,20000,2800,3000,2.4795,2.2385,3.1539,2.2241,0.2992,3.3490,3.3359,4.2804,2.8127,0.3524,298.5963,202.9377,403.3141
naive_vis1_bs128_cw2_n50000,naive,1,128,2,50000,800,1000,7.8773,7.6739,9.1392,7.0779,0.6483,8.8901,8.7657,10.3557,7.8354,0.6254,112.4851,95.5097,126.9471
naive_vis1_bs128_cw2_n200000,naive,1,128,2,200000,100,300,106.2251,106.3004,108.0449,104.7337,0.7949,107.3623,107.3837,108.9731,105.7044,0.7947,9.3143,9.0667,9.4140
scattered_vis1_bs128_cw2_n5000,scattered,1,128,2,5000,2800,3000,0.2007,0.1792,0.5489,0.1300,0.0905,1.0420,0.9671,2.1175,0.7257,0.2286,959.7304,417.8855,4981.7898
scattered_vis1_bs128_cw2_n20000,scattered,1,128,2,20000,2800,3000,0.3045,0.2427,0.7875,0.1751,0.1451,1.1377,1.0444,1.8977,0.8371,0.2572,878.9608,419.3224,3284.4806
scattered_vis1_bs128_cw2_n50000,scattered,1,128,2,50000,2800,3000,0.3740,0.3062,0.8777,0.2314,0.1470,1.2350,1.1473,2.4183,0.9045,0.2845,809.7152,365.3793,2674.1282
scattered_vis1_bs128_cw2_n200000,scattered,1,128,2,200000,2800,3000,1.8122,1.6845,2.3839,1.3363,0.2599,2.6847,2.6010,3.9815,2.2357,0.3358,372.4764,234.0272,551.8060
scattered_vis1_bs128_cw2_n1000000,scattered,1,128,2,1000000,2800,3000,119.9199,119.7803,122.7544,117.8532,2.5111,121.2116,121.0545,124.1183,119.1624,2.5396,8.2500,7.2661,8.3389
