# label=coherent_vis0_bs128_cw2_n20000,mode=coherent,N=20000,vis=0,steps=3000,dt=0.2
step,step_ms,frame_ms
0,0.7444,1.8277
1,0.5734,5.0854
2,0.1761,2.7601
3,0.1833,0.7303
4,0.1413,0.8699
5,0.4291,0.8211
6,0.1485,0.8469
7,0.1577,0.6594
8,0.4014,1.0684
9,0.3656,1.0201
10,0.3553,1.1158
11,0.1464,1.1417
12,0.5274,0.8625
13,0.1321,0.9429
14,0.1454,0.5458
15,0.3430,0.5699
16,0.3717,1.0397
17,0.1608,1.0283
18,0.1423,0.8088
19,0.6216,0.7169
20,0.3922,1.4031
21,0.1485,0.9243
22,0.1403,1.1470
23,0.1423,0.6486
24,0.1454,0.4933
25,0.1434,0.7738
26,0.1577,0.6318
27,0.1352,1.0772
28,0.1505,0.6086
29,0.1444,0.6047
30,0.1423,0.5394
31,0.1751,0.6852
32,0.1393,0.5314
33,1.1428,0.6566
34,0.1567,1.6370
35,0.1536,0.9227
36,0.1393,0.9969
37,0.1505,0.5883
38,0.3133,0.6820
39,0.5468,0.9367
40,0.3809,1.5126
41,0.1434,0.8461
42,0.1434,0.6353
43,0.1444,0.6126
44,0.1444,0.5099
45,0.1352,0.8924
46,0.1352,0.6883
47,0.1372,0.8603
48,0.1393,0.6376
49,0.1761,0.5700
50,0.1403,0.7426
51,0.1495,0.5533
52,0.1833,0.5181
53,0.1331,0.7341
54,0.5366,0.5932
55,0.1638,1.0004
56,0.1495,0.6657
57,0.1321,0.5557
58,0.1710,0.7104
59,0.1393,0.5457
60,0.1987,0.4751
61,0.4362,0.7745
62,0.5212,0.8088
63,0.1434,1.4586
64,0.1444,0.7590
65,0.3994,0.7424
66,0.4065,1.0090
67,0.3809,1.7487
68,0.1485,1.8577
69,0.1434,1.2836
70,0.1784,0.9736
71,0.1751,1.6818
72,0.3830,1.0880
73,0.3860,1.9122
74,0.1556,1.5278
75,0.5724,1.3752
76,0.1444,1.5708
77,0.1659,1.0197
78,0.5949,1.0183
79,0.1434,1.5048
80,0.3768,1.2261
81,0.1720,1.2076
82,0.3697,1.0184
83,0.1464,1.1122
84,0.5304,0.9743
85,0.1853,1.9518
86,0.1485,1.0543
87,0.1423,0.6673
88,0.4413,0.7078
89,0.1485,1.5122
90,0.4004,1.0234
91,0.1352,1.0090
92,0.1505,0.7223
93,0.1577,0.7146
94,0.1475,0.7514
95,0.3123,1.0311
96,0.1321,1.1737
97,0.1434,0.5926
98,0.1444,0.7013
99,0.1597,0.6957
100,0.1423,0.7183
101,0.7414,0.8902
102,0.1444,1.4460
103,0.1679,0.6723
104,0.1772,0.6643
105,0.1659,0.6308
106,0.4024,0.7650
107,0.1751,1.0316
108,0.9390,0.7279
109,0.1516,1.3192
110,0.1454,0.7263
111,0.3830,0.5669
112,0.1413,0.8536
113,0.1413,0.7748
114,0.8008,0.7329
115,0.1464,1.6798
116,0.3850,0.5102
117,0.1628,0.8996
118,0.1495,0.5549
119,0.1423,0.7101
120,0.1434,0.4905
121,0.3113,0.5670
122,0.1710,1.0717
123,0.5140,1.1351
124,0.1751,0.9603
125,0.3922,0.8184
126,0.1802,0.8061
127,0.3174,0.8318
128,0.1669,0.8480
129,0.3226,0.9393
130,0.1546,1.2952
131,0.1587,0.5153
132,0.1792,0.5915
133,0.2970,0.6460
134,0.1556,1.0934
135,0.5509,0.6490
136,0.1894,0.9838
137,0.1505,0.7869
138,0.3738,0.7009
139,0.1495,0.7820
140,0.3052,0.5897
141,0.1505,0.7588
142,1.1448,0.7402
143,0.3553,1.9134
144,0.1710,1.3598
145,0.1423,0.6809
146,0.4925,0.5133
147,0.5376,0.9736
148,0.1423,1.3700
149,0.1597,0.5750
150,0.1495,0.5218
151,0.3195,0.6072
152,0.1628,0.8586
153,0.3277,0.9280
154,0.1935,0.7966
155,0.1833,0.7396
156,0.1454,0.8932
157,0.1464,0.5291
158,0.1597,0.5872
159,0.1485,0.7019
160,0.1485,0.5602
161,0.3011,0.7715
162,0.3267,0.9319
163,0.3052,1.1520
164,0.3604,0.8604
165,0.1505,0.7466
166,0.1516,0.6435
167,0.3779,0.5949
168,0.5345,1.0059
169,0.1741,1.4823
170,0.1485,0.5738
171,0.1772,0.5114
172,0.1690,0.6291
173,0.3686,0.7234
174,0.1638,0.7969
175,0.1495,0.5797
176,0.1823,0.8224
177,0.1628,0.8728
178,0.1475,0.5280
179,0.1526,0.6110
180,0.1587,0.6164
181,0.1700,0.5271
182,0.1403,0.5741
183,0.1413,0.6089
184,0.5048,0.6160
185,0.1618,1.1238
186,0.1567,0.7943
187,0.1556,0.6390
188,0.1587,0.4927
189,0.3000,0.6160
190,0.1741,0.7840
191,0.3123,0.6096
192,0.1526,0.9488
193,0.1505,1.0043
194,0.1505,0.8226
195,0.1536,0.6042
196,0.3000,0.5952
197,0.3000,0.7847
198,0.4301,0.7712
199,0.4782,1.0788
200,0.1485,0.9891
201,0.3328,0.5830
202,0.1403,0.8818
203,0.1556,0.5626
204,0.1618,0.5859
205,0.1748,0.9517
206,0.7700,0.7444
207,0.1536,1.8763
208,0.1567,1.0394
209,0.1516,0.5800
210,0.2990,0.5973
211,0.1495,0.8067
212,0.3174,0.6731
213,0.1505,1.4124
214,0.1751,0.6237
215,0.1526,0.6155
216,0.2939,0.5870
217,0.1526,0.7625
218,0.2509,0.6089
219,0.5202,0.7009
220,0.1608,0.9837
221,0.1505,0.6721
222,0.1556,0.5881
223,0.2970,0.6036
224,0.1956,0.7664
225,0.1556,0.9286
226,0.1536,0.4957
227,0.1505,0.6959
228,0.1587,0.8689
229,0.1618,0.6350
230,0.3000,0.5810
231,0.1556,0.7885
232,0.1741,0.6038
233,0.1526,0.6138
234,0.2417,0.6119
235,0.1587,0.7292
236,0.1731,0.8422
237,0.1536,0.6536
238,0.1556,0.5961
239,0.1556,0.6027
240,0.1546,0.5749
241,0.3021,0.6246
242,0.1526,0.7894
243,0.4782,0.7978
244,0.3041,0.8766
245,0.3041,0.8022
246,0.1546,0.7680
247,0.1536,0.5992
248,0.1526,0.6315
249,0.1874,0.6724
250,0.4280,0.6309
251,0.1638,0.8214
252,0.1608,0.8743
253,0.1720,0.6325
254,0.1526,0.6111
255,0.1546,0.5992
256,0.1618,0.6248
257,0.1700,0.5914
258,0.1567,0.6101
259,0.1597,0.6116
260,0.3318,0.5725
261,0.1556,0.8672
262,0.1782,0.7879
263,0.1864,0.6512
264,0.1587,0.6240
265,0.1608,0.6015
266,0.2990,0.6196
267,0.6636,1.0071
268,0.3011,1.1806
269,0.1679,0.7691
270,0.1495,0.7410
271,0.3809,0.6898
272,0.1679,0.7902
273,0.1864,0.6162
274,0.2601,0.9818
275,0.1905,0.7624
276,0.1495,1.0772
277,0.1618,0.5965
278,0.1843,0.5028
279,0.1577,0.6836
280,0.1710,0.5614
281,0.1833,0.6140
282,1.1387,0.7687
283,0.1577,1.7820
284,0.1761,1.1127
285,0.3041,0.6686
286,0.1659,0.8263
287,0.1761,0.5874
288,0.5161,0.7444
289,0.1669,0.9371
290,0.1495,0.7232
291,0.1649,0.5680
292,0.3031,0.6102
293,0.1495,0.9161
294,0.1587,0.5494
295,0.1536,0.6399
296,0.1690,0.5419
297,0.1556,0.6084
298,0.1649,1.7134
299,0.1608,1.0403
300,0.1649,0.6326
301,0.3308,0.6202
302,0.1536,0.7792
303,0.1628,0.5911
304,0.1679,0.9025
305,0.1638,0.6270
306,0.4076,0.8090
307,0.1915,0.8464
308,0.1956,0.6284
309,0.1659,0.7670
310,0.1546,0.6533
311,0.1679,0.5859
312,0.1587,0.8167
313,0.3072,0.6217
314,0.1505,0.7982
315,0.2980,0.6250
316,0.1710,0.7980
317,0.1495,0.6171
318,1.1438,0.5191
319,0.1649,1.7543
320,0.1556,1.1452
321,0.3011,0.6561
322,0.1567,0.7816
323,0.1577,0.6241
324,0.5028,0.7487
325,0.3164,0.9110
326,0.1700,0.8518
327,0.1536,0.6118
328,0.1546,0.6128
329,0.1567,0.6020
330,0.1556,0.6006
331,0.1577,0.6249
332,0.7547,0.6654
333,0.6994,1.7016
334,0.1546,1.1876
335,0.1720,0.6554
336,0.1608,0.5984
337,0.1536,0.6506
338,0.1587,0.7170
339,0.1567,0.9149
340,0.1628,2.7411
341,0.5939,0.6393
342,0.5632,1.0778
343,0.6072,1.1650
344,0.1618,1.9139
345,0.1495,0.8789
346,0.6420,0.5857
347,0.5130,1.0469
348,0.1638,1.0091
349,0.1597,0.6086
350,0.1587,0.6091
351,0.3092,0.6220
352,0.1587,0.8107
353,0.1894,0.6544
354,0.1475,0.6595
355,1.1274,0.7134
356,0.3236,1.8417
357,0.3031,1.3260
358,0.1669,0.7746
359,0.5140,0.6403
360,0.6533,1.0042
361,0.1577,1.1623
362,0.3144,0.5967
363,0.3011,0.8713
364,0.3082,0.7215
365,0.3103,0.7959
366,0.1526,1.1427
367,0.5284,0.5248
368,0.1567,0.9559
369,0.3011,0.6138
370,0.1710,0.7749
371,0.1536,0.6143
372,0.2990,0.6130
373,0.3451,0.7840
374,0.7127,0.7997
375,0.6533,1.0700
376,0.3082,1.8135
377,0.3379,0.8132
378,0.1485,0.8793
379,0.1495,0.7857
380,0.1587,0.4944
381,0.2171,0.8833
382,0.1475,0.7278
383,0.1526,0.5994
384,0.1536,0.6920
385,0.1669,0.5074
386,0.1618,0.6399
387,0.1915,0.6308
388,0.1812,0.9117
389,0.3236,1.9313
390,0.1823,1.1203
391,0.3062,0.6316
392,0.3953,0.7847
393,0.5786,0.9415
394,0.1608,1.0836
395,0.3738,0.8056
396,0.1628,0.8235
397,0.1556,0.6314
398,0.1556,0.5896
399,0.2877,0.5870
400,0.1536,0.7493
401,0.1567,0.6207
402,0.1587,1.6407
403,0.1567,0.8883
404,0.3072,0.6315
405,0.1659,0.8162
406,0.1485,0.8052
407,0.1577,0.5190
408,0.3082,0.9153
409,0.3021,0.7879
410,0.2191,0.7925
411,0.2324,0.6639
412,0.1997,0.6794
413,0.3676,0.6427
414,1.0066,0.8792
415,0.5724,1.3775
416,0.1700,1.5100
417,0.1884,0.5551
418,0.1638,0.6523
419,0.3604,0.5990
420,0.1597,0.7360
421,0.2857,0.5163
422,0.1731,1.0515
423,0.1475,0.7197
424,0.1649,0.5149
425,0.1618,0.6056
426,0.3000,0.6164
427,0.2836,0.8499
428,0.1710,0.7645
429,0.1597,0.6237
430,0.1567,0.8327
431,0.1597,0.5763
432,0.1649,0.6255
433,0.1720,0.5910
434,0.1577,0.6270
435,0.1567,0.6635
436,0.1485,0.5450
437,0.1894,0.5757
438,0.1690,1.6908
439,0.1782,1.1222
440,0.1587,0.6474
441,0.1597,0.5984
442,0.1608,0.6242
443,0.5140,0.7630
444,0.1567,0.9645
445,0.1597,0.6160
446,0.1812,0.5996
447,0.1587,0.6300
448,0.1710,0.5995
449,0.1597,0.6508
450,0.2918,0.5833
451,0.1577,0.7549
452,0.1700,0.4990
453,0.1608,0.9367
454,0.1802,0.5992
455,0.1608,0.6510
456,0.1720,0.6372
457,0.3103,0.5968
458,0.2488,0.7979
459,0.1935,0.8477
460,0.1679,0.6620
461,0.1731,2.0269
462,0.2161,0.5369
463,0.2007,0.6728
464,0.1843,0.6387
465,0.1874,0.6485
466,0.7598,0.6568
467,0.1997,1.9165
468,0.1976,1.0033
469,0.1812,0.6539
470,0.1864,0.5337
471,0.2959,0.5225
472,0.5171,0.8098
473,0.1833,0.9635
474,0.2068,0.5381
475,0.1874,0.6691
476,0.1577,0.6514
477,0.4137,0.5688
478,0.3103,0.9325
479,0.4086,1.2569
480,0.1690,0.8394
481,0.3052,0.8759
482,0.1587,0.8152
483,0.1782,0.5860
484,0.1567,0.6290
485,0.1802,0.4967
486,0.1587,0.6517
487,0.7752,0.7857
488,0.2488,2.1162
489,0.2058,0.9942
490,0.1966,0.6572
491,0.1987,0.6719
492,0.1894,0.5455
493,0.5325,0.7607
494,0.2058,0.8627
495,0.1679,0.6902
496,0.3174,0.6594
497,0.1556,0.8522
498,0.1679,0.6155
499,0.1649,0.5761
500,0.1638,0.6037
501,0.1720,1.0099
502,0.1597,1.5508
503,0.3123,1.1016
504,0.3092,0.7867
505,0.1597,0.8194
506,0.1659,0.7905
507,0.1597,0.8555
508,0.1935,0.6420
509,0.1638,0.6848
510,0.1597,0.6194
511,0.1659,0.5582
512,0.1597,0.6082
513,0.6052,0.6028
514,0.5345,1.2828
515,0.1782,0.9305
516,0.1597,0.5413
517,0.1556,0.5984
518,0.1956,0.5884
519,0.1567,0.6524
520,0.1618,0.6081
521,0.1690,0.6073
522,0.5202,0.8392
523,0.1618,1.9699
524,0.1587,0.9452
525,0.1597,0.6413
526,0.6973,0.5852
527,0.1556,1.2188
528,0.3574,0.8909
529,0.3482,0.8436
530,0.1679,0.8491
531,0.1679,0.6025
532,0.3154,0.6078
533,0.3717,0.8177
534,0.1679,0.8158
535,0.5550,0.6282
536,0.2058,0.9665
537,0.7168,0.8551
538,0.1894,1.2847
539,0.2765,0.6199
540,0.1843,0.7338
541,1.2431,0.6824
542,0.3215,2.0510
543,0.3154,1.2733
544,0.1884,0.8192
545,0.1577,0.6735
546,0.5192,0.7781
547,0.3451,0.9183
548,0.1608,0.8336
549,0.3113,0.6185
550,0.1843,0.8161
551,0.1638,0.6283
552,0.3717,0.5692
553,1.0250,0.8450
554,0.5960,1.6205
555,0.1741,1.4358
556,0.1679,0.6259
557,0.1577,0.7380
558,0.1761,0.5317
559,0.5171,0.8075
560,0.1567,1.0143
561,0.1516,0.5415
562,0.3133,0.6170
563,0.1679,0.7733
564,0.1618,0.6183
565,0.1577,0.6337
566,0.1628,0.5748
567,0.5622,0.8355
568,0.1710,0.9828
569,0.1772,0.5199
570,0.1690,0.5974
571,0.3195,0.6420
572,0.3461,0.8141
573,0.5652,0.8241
574,1.3998,1.1083
575,0.3410,1.9115
576,0.1700,1.3544
577,0.1608,0.6537
578,0.3656,0.5782
579,0.5345,0.8891
580,0.1823,1.0060
581,0.2028,0.6117
582,0.1966,0.6100
583,0.1884,0.6669
584,0.2724,0.6171
585,0.1638,0.7882
586,0.2324,0.5783
587,0.1638,0.7356
588,0.1966,0.6312
589,0.1792,0.9657
590,0.1915,0.6139
591,0.1679,0.6712
592,0.1731,0.6736
593,0.2171,0.5780
594,0.4168,0.6175
595,1.0496,0.9584
596,0.3461,1.5658
597,0.2079,1.8512
598,0.1608,0.9460
599,0.2212,0.7184
600,0.2058,0.9115
601,0.1700,1.1496
602,0.1935,0.6768
603,0.1894,0.7460
604,0.1935,0.6431
605,0.1772,0.7566
606,0.2058,0.7261
607,0.1976,1.0005
608,0.1638,0.8886
609,0.2417,0.6089
610,0.1853,0.8650
611,0.1577,0.6231
612,0.1649,0.5991
613,0.2099,0.5874
614,0.5212,0.9497
615,0.1700,0.9195
616,0.1597,0.6474
617,0.1669,0.6380
618,0.1751,0.6391
619,0.1741,0.6026
620,0.1935,0.6705
621,0.2140,0.5696
622,0.9021,1.0162
623,0.1874,2.1202
624,0.2099,0.9453
625,0.2099,0.6653
626,0.1894,0.6927
627,0.1874,0.8445
628,0.2171,0.5373
629,0.1884,1.0923
630,0.1987,0.5763
631,0.1741,0.6461
632,0.1731,0.6697
633,0.1618,0.7242
634,0.2355,0.5535
635,0.5151,0.9263
636,0.1659,1.0082
637,0.1679,0.6258
638,0.1577,0.6644
639,0.1720,0.5909
640,0.1618,0.5905
641,0.3154,0.6272
642,0.6205,1.0822
643,0.6636,1.1060
644,0.2028,1.8563
645,0.1649,0.6943
646,0.1925,0.5943
647,0.4833,0.6235
648,0.2314,1.1005
649,0.4413,1.0309
650,0.1925,0.8645
651,0.4280,0.7076
652,0.1935,1.0077
653,0.6994,0.6158
654,0.1956,1.1188
655,0.1649,0.7000
656,0.1720,0.8867
657,0.1628,0.5586
658,0.1608,0.6295
659,0.1628,0.6138
660,0.1812,0.6331
661,0.1649,0.6652
662,0.4311,0.7550
663,0.5663,0.8824
664,0.1741,2.3261
665,0.1925,0.8443
666,0.3164,0.7509
667,0.5181,0.8117
668,0.1567,1.1700
669,0.1577,0.5339
670,0.1751,0.8053
671,0.1638,0.6110
672,0.3942,0.7940
673,0.1628,1.0229
674,0.1935,0.9626
675,0.1608,1.1597
676,0.1833,0.7427
677,0.3860,0.7806
678,0.1526,1.0156
679,0.2806,0.6750
680,1.3844,0.8924
681,0.1700,4.2589
682,0.1997,1.5197
683,0.1751,1.5253
684,0.1567,1.2450
685,0.6840,1.2780
686,0.3267,1.8019
687,0.3942,1.2325
688,0.1690,1.0542
689,0.4014,0.7688
690,0.6799,1.0307
691,0.5704,1.1284
692,0.1710,2.4331
693,0.4178,0.7805
694,0.3645,0.8098
695,0.1761,1.1352
696,0.1659,0.9322
697,0.4454,0.6601
698,0.3717,0.9114
699,0.1679,0.8285
700,0.1608,0.7368
701,0.1628,0.5635
702,0.1597,0.5670
703,0.1587,0.5899
704,0.1638,0.5842
705,0.2120,0.9127
706,0.1720,0.6604
707,0.1782,0.6452
708,0.1679,0.6223
709,0.1894,0.7274
710,0.2560,0.5815
711,1.3537,0.7741
712,0.1905,1.8498
713,0.1874,1.1347
714,0.4239,0.6876
715,0.5274,0.8587
716,0.6779,0.9950
717,0.1772,1.2078
718,0.1659,0.7645
719,0.1925,0.5396
720,0.1853,0.7056
721,0.1761,0.7899
722,0.5345,0.7579
723,0.5274,0.9062
724,0.1731,1.0433
725,0.1731,0.6691
726,0.1597,0.5938
727,0.1638,0.5941
728,0.1618,0.6425
729,0.3154,0.5551
730,0.1690,1.0916
731,0.7731,0.5427
732,0.2345,1.8939
733,0.1608,1.2336
734,0.1874,0.7004
735,0.2099,0.7483
736,0.6922,0.9010
737,0.1792,1.2115
738,0.1802,0.6154
739,0.4137,0.7449
740,0.1782,0.8747
741,0.1905,0.6573
742,0.1649,0.7410
743,1.0220,0.6354
744,0.5386,1.7103
745,0.1802,1.4522
746,0.2028,0.5543
747,0.1956,0.6349
748,0.1772,0.5775
749,0.5171,0.6070
750,0.1802,0.9993
751,0.1710,0.6917
752,0.1731,0.6743
753,0.1679,0.7802
754,0.1649,0.5271
755,0.2150,0.6044
756,0.1608,0.6671
757,0.5386,0.5684
758,0.1638,1.0261
759,0.1628,0.6926
760,0.1987,0.5718
761,0.1690,0.6749
762,0.1894,0.6075
763,0.1638,0.6153
764,0.1669,0.6252
765,0.3021,0.7972
766,0.1751,0.9927
767,0.1618,0.5042
768,0.1823,0.6049
769,0.1802,0.6157
770,0.1741,0.7071
771,0.1628,0.5390
772,0.4168,0.6128
773,0.4854,0.9033
774,0.1577,0.9415
775,0.1700,0.6195
776,0.1987,0.7457
777,0.3809,0.6246
778,0.1833,0.7864
779,0.6758,0.6486
780,1.3998,1.2167
781,0.3226,1.8499
782,0.1761,1.2304
783,0.1751,0.6640
784,0.7506,0.6184
785,0.6461,1.2175
786,0.1638,1.1882
787,0.1884,0.6896
788,0.3523,0.6490
789,0.1628,0.8386
790,0.1884,0.6112
791,0.2877,0.7178
792,0.2079,0.9047
793,0.1823,0.6935
794,0.2109,0.8869
795,0.2109,0.6883
796,0.1823,0.6651
797,0.1884,0.5332
798,0.1782,0.6714
799,0.1597,0.6276
800,0.9595,0.6302
801,0.5704,1.6568
802,0.1761,1.4417
803,0.1997,0.6769
804,0.2079,0.6360
805,0.1915,0.6695
806,0.5427,0.6075
807,0.2038,1.0077
808,0.1905,0.6691
809,0.1782,0.6725
810,0.1792,0.6320
811,0.1946,0.6270
812,0.2120,1.1024
813,0.1638,0.8250
814,0.2990,0.5245
815,0.2038,1.0602
816,0.1782,0.6659
817,0.1577,0.6443
818,0.1638,0.5093
819,0.1649,0.6131
820,0.2499,0.6529
821,1.3926,0.7036
822,0.3185,1.8944
823,0.3246,1.2856
824,0.1792,0.8347
825,0.1874,0.6862
826,0.3185,0.7293
827,0.1802,0.7168
828,0.1690,0.8336
829,0.1556,0.5989
830,0.3471,0.5737
831,0.3727,0.7638
832,0.3113,0.8559
833,0.1618,1.2471
834,0.1628,0.5143
835,0.1751,0.6118
836,0.3185,0.8076
837,0.1597,0.8485
838,0.3092,0.5819
839,0.3328,0.7895
840,0.1669,0.8581
841,0.8909,0.7564
842,0.3308,2.3302
843,0.1864,1.1840
844,0.1618,0.6517
845,0.1679,0.5632
846,0.5509,0.7756
847,0.1638,1.0067
848,0.1925,0.6520
849,0.1823,0.6600
850,0.1741,0.7218
851,0.1884,0.5775
852,0.1649,0.5883
853,0.4280,0.6355
854,0.1843,1.1907
855,0.1690,1.6573
856,0.1710,1.1312
857,0.1925,0.6787
858,0.4803,0.6180
859,0.5059,0.9876
860,0.1608,0.9396
861,0.3133,0.6575
862,0.1516,0.7941
863,0.1690,0.6207
864,0.1608,0.5719
865,0.1669,0.6226
866,0.1638,0.6032
867,0.6676,0.8277
868,0.1587,1.2484
869,0.1741,0.6682
870,0.1587,0.5712
871,0.1618,0.5832
872,0.1628,0.6057
873,0.5519,0.6106
874,0.5652,1.0849
875,0.6472,1.1173
876,0.1649,1.8079
877,0.1618,0.6395
878,0.1638,0.6018
879,0.2796,0.5970
880,0.5243,0.7841
881,0.1649,1.0215
882,0.1608,0.6232
883,0.1618,0.6057
884,0.1618,0.5956
885,0.1618,0.6235
886,0.3062,0.6135
887,0.2796,0.7993
888,0.5704,0.9058
889,0.4618,1.0282
890,0.1812,1.0083
891,0.2007,0.6524
892,0.1782,0.8594
893,0.2028,0.6405
894,0.1741,0.7185
895,0.8724,0.7277
896,0.6830,1.2172
897,0.1802,1.9521
898,0.1905,0.7158
899,0.3533,0.6253
900,0.1782,0.7151
901,0.1700,0.5537
902,0.1925,0.9124
903,0.3748,0.6859
904,0.3164,0.8002
905,0.3308,0.8695
906,0.1649,0.8070
907,0.1638,0.9470
908,0.3041,0.5618
909,0.1556,0.9755
910,0.1587,0.5615
911,0.1587,0.6349
912,0.1659,0.5282
913,0.1956,0.6219
914,0.1628,0.6528
915,0.1608,0.8027
916,0.5366,0.5783
917,0.2017,1.9106
918,0.2007,1.1343
919,0.2130,0.6363
920,0.2181,0.6627
921,0.2110,0.7975
922,0.8212,0.6484
923,0.1874,1.2516
924,0.1905,0.5274
925,0.1853,0.6410
926,0.1782,0.6676
927,0.1618,0.6450
928,0.3625,0.5201
929,0.1628,0.8111
930,0.1731,0.6061
931,0.1618,0.7944
932,0.3113,0.6328
933,0.3103,0.7891
934,0.1761,0.8113
935,0.3860,0.6097
936,0.4137,1.0856
937,0.5632,0.8625
938,0.1618,1.7781
939,0.1679,0.9706
940,0.3154,0.6404
941,0.1628,0.8643
942,0.1690,0.7977
943,0.1649,0.5597
944,0.1649,0.7236
945,0.1690,0.6331
946,0.1812,0.6244
947,0.1679,1.1792
948,0.1812,0.5135
949,0.1618,0.6257
950,1.1295,0.6962
951,0.7127,1.5784
952,0.1608,1.3845
953,0.1649,0.6354
954,0.3174,0.5872
955,0.5253,1.0409
956,0.1710,0.9579
957,0.1618,0.6430
958,0.3174,0.6293
959,0.3185,0.8085
960,0.1905,0.7942
961,0.1751,0.6420
962,0.1802,0.6499
963,0.1915,0.8710
964,0.3348,0.6953
965,0.1915,1.2527
966,0.2243,0.6509
967,0.1577,0.6703
968,0.1751,0.5635
969,0.3389,0.6160
970,0.7977,0.8032
971,0.6513,1.2786
972,0.1720,1.8993
973,0.1720,0.6726
974,0.3185,0.6466
975,0.3164,0.9307
976,0.1720,0.7747
977,0.1669,0.7935
978,0.1700,0.6065
979,0.1720,0.6253
980,0.1669,0.6387
981,0.3133,0.6181
982,0.3103,0.7707
983,0.1741,0.7838
984,0.1894,0.6156
985,0.1567,0.9923
986,0.1649,0.5928
987,0.1638,0.6145
988,0.1628,0.6256
989,0.1679,0.6029
990,0.1638,0.5940
991,0.1690,0.7945
992,0.1874,0.5027
993,0.1905,1.7684
994,0.1638,1.1342
995,0.1649,0.6429
996,0.1638,0.5992
997,0.1669,0.6074
998,0.1649,0.6727
999,0.1638,0.9033
1000,0.1659,0.6361
1001,0.1638,0.5940
1002,0.1628,0.6146
1003,0.1618,0.6032
1004,0.1669,0.6145
1005,0.3287,0.6275
1006,0.2150,0.7761
1007,0.2130,0.6901
1008,0.1700,0.9927
1009,0.1618,0.5362
1010,0.1659,0.5990
1011,0.1608,0.6077
1012,0.2089,0.6190
1013,0.2130,0.6878
1014,0.1741,0.7108
1015,0.1679,0.6391
1016,0.1649,0.8668
1017,0.3297,0.6238
1018,0.3133,0.7959
1019,0.3226,0.7935
1020,0.1649,0.9321
1021,0.1761,0.5544
1022,0.1751,2.7548
1023,0.1772,0.6332
1024,0.1638,0.6253
1025,0.1792,0.9435
1026,0.1710,0.6694
1027,0.7916,0.6889
1028,0.1669,1.9496
1029,0.1690,1.0449
1030,0.1669,0.6290
1031,0.1659,0.6081
1032,0.1956,0.5948
1033,0.5386,0.7266
1034,0.1874,1.0129
1035,0.1720,0.6565
1036,0.1649,0.6040
1037,0.1843,0.6275
1038,0.1628,0.6251
1039,0.1638,0.5967
1040,0.1700,0.6296
1041,0.1638,0.7276
1042,0.1833,0.6237
1043,0.1618,1.0331
1044,0.1894,0.6014
1045,0.1608,0.6897
1046,0.1679,0.6131
1047,0.1649,0.6082
1048,0.1638,0.6621
1049,0.5151,0.7706
1050,0.1751,0.8679
1051,0.1946,0.6560
1052,0.1741,0.7231
1053,0.3195,0.5172
1054,0.3113,0.8128
1055,0.1638,0.7748
1056,0.1628,0.6000
1057,0.1915,0.5188
1058,0.9329,0.6821
1059,0.1659,2.2123
1060,0.4137,1.1500
1061,0.1618,1.1599
1062,0.1638,0.5387
1063,0.3318,0.8855
1064,0.1659,1.2034
1065,0.1679,0.5959
1066,0.3072,0.5294
1067,0.2161,0.8111
1068,0.1987,1.1166
1069,0.5693,0.6001
1070,0.1608,1.0567
1071,0.1608,0.6208
1072,0.1874,0.5316
1073,0.1649,0.6551
1074,0.3164,0.6228
1075,0.4547,0.8217
1076,0.5468,1.1656
1077,0.1843,1.9340
1078,0.1628,1.0680
1079,0.3154,0.6420
1080,0.1812,0.7587
1081,0.5212,0.7721
1082,0.1649,1.0969
1083,0.1731,0.6025
1084,0.3164,0.5297
1085,0.1618,0.8056
1086,0.3686,0.6043
1087,0.6124,0.8650
1088,0.5396,1.1919
1089,0.1731,0.9212
1090,0.1649,0.6470
1091,0.1628,0.6376
1092,0.3113,0.6248
1093,0.3113,0.8175
1094,0.1679,0.8452
1095,0.4352,0.7368
1096,0.6113,0.8805
1097,0.1833,2.2332
1098,0.1679,0.6149
1099,0.1905,0.6215
1100,0.5130,0.6559
1101,0.2724,1.2931
1102,0.1669,1.0241
1103,0.1761,0.6708
1104,0.1802,0.6153
1105,0.1710,0.6112
1106,0.3226,0.6194
1107,0.1710,0.8234
1108,0.7885,0.7568
1109,0.3328,1.8067
1110,0.1731,1.3136
1111,0.1690,0.5823
1112,0.4987,0.6348
1113,0.5089,1.0565
1114,0.1792,0.9087
1115,0.1720,0.6862
1116,0.1659,0.6090
1117,0.1751,0.6368
1118,0.3113,0.6006
1119,0.1946,0.8373
1120,0.1618,1.0320
1121,0.5171,0.5461
1122,0.1700,0.9424
1123,0.1946,0.6506
1124,0.1690,0.5359
1125,0.1710,0.6042
1126,0.3103,0.5467
1127,0.1731,0.7950
1128,0.1618,0.6441
1129,1.4121,0.7288
1130,0.1649,1.9982
1131,0.3543,1.0242
1132,0.1618,0.8555
1133,0.4762,0.6063
1134,0.5253,1.0419
1135,0.1638,0.9184
1136,0.1638,0.6465
1137,0.1731,0.5915
1138,0.1638,0.6266
1139,0.3973,0.7655
1140,0.1649,0.8260
1141,0.1823,0.7394
1142,0.5652,0.6473
1143,0.1935,1.0191
1144,0.1669,0.6644
1145,0.1720,0.6190
1146,0.1618,0.6134
1147,0.1659,0.6123
1148,0.1618,0.6183
1149,0.7178,0.7586
1150,0.1690,1.0915
1151,0.1669,1.4014
1152,0.3113,1.0991
1153,0.1710,0.8013
1154,0.2908,0.6419
1155,0.5366,0.7257
1156,0.1638,0.9567
1157,0.1956,0.6351
1158,0.1597,0.7351
1159,0.3308,0.5403
1160,0.1628,0.8244
1161,0.1628,0.5772
1162,0.1987,0.6705
1163,0.5796,0.7701
1164,0.2529,1.0359
1165,0.1638,0.6826
1166,0.1567,0.6107
1167,0.3441,0.5895
1168,0.1679,0.8315
1169,0.1679,0.6208
1170,0.1659,0.6284
1171,0.7834,0.6774
1172,0.1638,1.9058
1173,0.1700,1.0668
1174,0.3113,0.6108
1175,0.4823,0.8060
1176,0.6502,0.9932
1177,0.1741,1.1012
1178,0.1812,0.9342
1179,0.1608,0.8858
1180,0.1587,0.5929
1181,0.1843,0.6157
1182,0.5243,0.6421
1183,0.2191,0.9707
1184,0.1946,0.7447
1185,0.1864,0.9647
1186,0.1751,0.6264
1187,0.1833,0.5345
1188,0.2048,0.6081
1189,0.2068,0.7200
1190,0.1608,0.6323
1191,1.0732,0.5548
1192,0.8745,1.5914
1193,0.1956,1.7794
1194,0.1638,0.6334
1195,0.1720,0.5255
1196,0.5560,0.9448
1197,0.1638,1.2024
1198,0.1710,0.8246
1199,0.1679,0.5899
1200,0.1649,0.7053
1201,0.1649,0.6527
1202,0.3553,0.6945
1203,0.1853,0.8160
1204,0.1751,0.6611
1205,0.1720,0.7923
1206,0.1669,0.6325
1207,0.1741,0.6256
1208,0.1812,0.6364
1209,0.3318,0.6546
1210,0.3594,0.9460
1211,0.1679,0.8490
1212,0.2028,0.8998
1213,0.4342,0.6708
1214,0.1987,1.0152
1215,0.1720,0.6711
1216,0.1812,0.6110
1217,0.3287,0.6615
1218,0.1659,0.9555
1219,0.8448,0.7167
1220,0.1772,2.3103
1221,0.1751,0.6461
1222,0.1956,0.6570
1223,0.2038,0.6024
1224,0.1905,0.8796
1225,0.1956,0.8582
1226,0.2232,0.7355
1227,0.1751,0.6926
1228,0.1741,0.6621
1229,0.3185,0.5679
1230,0.5345,0.8350
1231,0.1679,1.0304
1232,0.1679,0.5977
1233,0.1823,0.8099
1234,0.3154,0.5915
1235,0.3174,0.8190
1236,0.3205,0.8617
1237,0.1679,0.7678
1238,0.1782,0.6012
1239,1.3732,0.6204
1240,0.1659,2.0381
1241,0.1884,0.9895
1242,0.3574,0.6385
1243,0.3553,0.9113
1244,0.5028,0.7439
1245,0.1772,1.0044
1246,0.1608,0.6925
1247,0.1638,0.5619
1248,0.1720,0.5967
1249,0.1618,0.6463
1250,0.1700,0.6167
1251,0.3512,0.6052
1252,0.3144,0.8037
1253,0.1659,0.8032
1254,0.1700,0.8967
1255,0.1812,0.6147
1256,0.1669,0.6646
1257,0.1669,0.6114
1258,0.1782,0.7049
1259,0.1741,0.5560
1260,1.1479,0.7648
1261,0.1966,2.1369
1262,0.1690,1.1103
1263,0.1587,0.6789
1264,0.1587,0.6364
1265,0.1628,0.8081
1266,0.1751,0.5428
1267,0.1700,1.0667
1268,0.1649,0.5828
1269,0.4055,0.7551
1270,0.1997,1.0655
1271,0.2038,0.6831
1272,0.1741,1.1489
1273,0.2017,0.7631
1274,0.1669,0.9885
1275,0.1720,0.8078
1276,0.3963,0.8069
1277,0.5775,1.0605
1278,1.5923,1.1378
1279,0.1659,2.5226
1280,0.1669,0.7263
1281,0.1618,0.6862
1282,0.3144,0.6807
1283,0.6625,0.7411
1284,0.4229,1.1937
1285,0.1659,0.8389
1286,0.1567,0.6141
1287,0.3789,0.6750
1288,0.1659,0.7879
1289,0.3267,0.5882
1290,0.5243,0.7860
1291,0.1864,1.0992
1292,0.3707,0.7509
1293,0.1853,0.7709
1294,0.1905,0.6294
1295,0.1823,0.6427
1296,0.1874,0.6456
1297,0.2079,0.6757
1298,0.1669,0.7061
1299,0.1700,0.7498
1300,0.2038,0.5858
1301,0.1700,0.6968
1302,0.4239,0.6734
1303,0.1812,0.8429
1304,0.2150,0.6113
1305,0.4977,0.8625
1306,0.1720,0.9291
1307,0.1751,0.6370
1308,0.1905,0.6382
1309,0.1925,0.6346
1310,0.1649,0.6604
1311,0.3174,0.5984
1312,0.2611,0.8071
1313,0.2273,0.7182
1314,0.1669,1.1360
1315,0.1597,0.5742
1316,0.1710,0.5785
1317,0.1679,0.7128
1318,0.1792,0.5287
1319,0.1690,0.6513
1320,0.1679,0.6041
1321,0.1536,0.6148
1322,0.1638,0.5769
1323,0.1679,0.9105
1324,0.1628,0.6039
1325,0.1679,0.6217
1326,0.1618,0.6051
1327,0.1628,0.6207
1328,0.1710,0.5960
1329,0.1823,0.6194
1330,0.1700,0.6923
1331,0.3328,0.6391
1332,0.1720,1.3108
1333,0.1628,0.6130
1334,0.3164,0.6089
1335,0.1720,0.8129
1336,0.1690,0.6271
1337,0.1761,0.7077
1338,0.1659,0.5459
1339,0.1669,0.7560
1340,0.1618,0.6040
1341,0.1638,0.5996
1342,0.1638,0.6239
1343,0.1751,0.6522
1344,0.1628,0.5823
1345,0.2611,0.6106
1346,0.1690,0.6930
1347,0.1812,0.9219
1348,0.1710,0.6431
1349,0.1628,0.6237
1350,0.1659,0.6008
1351,0.1628,0.6157
1352,0.1669,0.6009
1353,0.1669,0.6242
1354,0.1649,0.6655
1355,0.1628,0.6221
1356,0.1669,0.8560
1357,0.1628,0.5975
1358,0.1638,0.6088
1359,0.3133,0.6228
1360,0.1690,0.7809
1361,0.1638,0.6240
1362,0.2949,0.6057
1363,0.1966,0.8550
1364,0.1843,2.4630
1365,0.1690,0.6269
1366,0.1700,0.5786
1367,0.4772,0.6393
1368,0.5079,0.9901
1369,0.1638,0.9361
1370,0.1659,0.6227
1371,0.3092,0.6176
1372,0.1823,0.8169
1373,0.1741,0.6385
1374,0.1761,0.5922
1375,0.2570,0.6446
1376,0.3604,0.6935
1377,0.1669,1.0771
1378,0.3246,0.6454
1379,0.1669,0.8849
1380,0.1710,0.5988
1381,0.1690,0.5873
1382,0.1772,0.6850
1383,0.1556,0.6086
1384,0.1802,0.6181
1385,0.1700,0.8409
1386,0.3154,0.6590
1387,0.3092,0.8271
1388,0.1669,0.7787
1389,0.1679,0.5974
1390,0.3164,0.6315
1391,0.5007,1.0494
1392,0.1690,0.8883
1393,0.1649,0.6102
1394,0.3092,0.5985
1395,0.3195,0.7907
1396,0.1741,0.7959
1397,0.3103,0.6415
1398,0.1659,0.7821
1399,0.1792,0.6491
1400,0.1649,0.8726
1401,0.1649,0.6103
1402,0.1700,0.6242
1403,0.1659,0.6090
1404,0.1792,0.6243
1405,0.1669,0.6049
1406,0.2826,0.6272
1407,0.3195,0.7363
1408,0.1659,1.0421
1409,0.1638,0.6258
1410,0.1669,0.6024
1411,0.1659,0.6023
1412,0.1669,0.6136
1413,0.1659,0.6225
1414,0.1690,0.6128
1415,0.4997,0.7070
1416,0.1823,0.8688
1417,0.1690,0.7237
1418,0.3133,0.6007
1419,0.1690,0.8038
1420,0.3154,0.6155
1421,0.1802,0.8007
1422,0.4485,0.6418
1423,0.3267,0.9371
1424,0.3113,1.0587
1425,0.1649,0.7902
1426,0.1669,0.6242
1427,0.1638,0.6102
1428,0.1649,0.6159
1429,0.1680,0.6166
1430,0.1720,0.6026
1431,0.1690,0.6711
1432,0.1618,0.8518
1433,0.1628,0.6108
1434,0.1649,0.5982
1435,0.1669,0.6251
1436,0.1638,0.6110
1437,0.1669,0.6548
1438,0.2611,0.4923
1439,0.1710,0.7449
1440,0.1720,0.8500
1441,0.1649,0.6476
1442,0.3164,0.5923
1443,0.3144,0.7959
1444,0.1720,0.7890
1445,0.1772,0.6337
1446,0.4997,1.1098
1447,0.1669,0.8712
1448,0.3082,0.6445
1449,0.3144,0.7824
1450,0.3072,0.8072
1451,0.1792,0.7827
1452,0.1649,0.6242
1453,0.3635,0.6117
1454,0.1956,0.9736
1455,0.1526,0.7797
1456,0.1679,0.6208
1457,0.1772,0.5631
1458,0.1659,0.6207
1459,0.1659,0.6381
1460,0.1669,0.6056
1461,0.2601,0.5986
1462,0.3154,0.7204
1463,0.1812,1.0337
1464,0.3092,0.6686
1465,0.1659,0.7705
1466,0.1751,0.6276
1467,0.1669,0.8203
1468,0.3256,0.5533
1469,0.5038,0.9906
1470,0.1884,0.9627
1471,0.3113,0.6638
1472,0.1710,0.7819
1473,0.1628,0.6698
1474,0.1638,0.5769
1475,0.1649,0.6088
1476,0.4506,0.6191
1477,0.7905,0.9553
1478,0.1679,1.2371
1479,0.1628,0.6298
1480,0.1649,0.6125
1481,0.1628,0.5993
1482,0.1710,0.6111
1483,0.1638,0.6115
1484,0.1618,0.6301
1485,0.1710,0.6999
1486,0.1679,0.8607
1487,0.3123,0.6155
1488,0.1751,0.7965
1489,0.1649,0.6218
1490,0.1884,0.6051
1491,0.1567,0.6426
1492,0.2376,0.5931
1493,0.3215,0.6241
1494,0.3666,1.0327
1495,0.3174,0.8708
1496,0.3123,0.7931
1497,0.3348,0.8026
1498,0.3113,0.7971
1499,0.1638,0.7966
1500,0.1659,0.6792
1501,0.1669,0.8749
1502,0.3389,0.6277
1503,0.1649,0.8301
1504,0.3185,0.5949
1505,0.1649,0.7824
1506,0.1731,0.6199
1507,0.1864,0.6212
1508,0.1679,0.6362
1509,0.1731,0.8743
1510,0.1659,0.6453
1511,0.1628,0.5839
1512,0.3103,0.6128
1513,0.1905,0.7903
1514,0.1690,0.6658
1515,0.1700,0.6185
1516,0.1659,0.6884
1517,0.1782,0.8635
1518,0.1649,0.6303
1519,0.1618,0.6019
1520,0.3092,0.6184
1521,0.1649,0.7857
1522,0.3492,0.6074
1523,0.1679,0.8350
1524,0.1690,0.6544
1525,0.1853,0.8642
1526,0.1638,0.6214
1527,0.1638,0.6175
1528,0.3185,0.6042
1529,0.1567,0.8267
1530,0.1669,0.5913
1531,0.1761,0.6034
1532,0.1659,0.7252
1533,0.1649,0.8721
1534,0.1731,0.5896
1535,0.3103,0.6321
1536,0.1638,0.8420
1537,0.1679,0.5660
1538,0.1669,0.5937
1539,0.2365,0.6702
1540,0.1618,0.6961
1541,0.3287,0.8037
1542,0.1659,0.8269
1543,0.3144,0.6198
1544,0.3174,0.7865
1545,0.1679,0.7971
1546,0.1649,0.6139
1547,0.1690,0.6217
1548,0.3277,0.7169
1549,0.1659,1.0400
1550,0.1669,0.6376
1551,0.1649,0.6042
1552,0.1649,0.6436
1553,0.3103,0.6213
1554,0.4424,0.7864
1555,0.3676,0.9504
1556,0.1649,1.0716
1557,0.3174,0.6386
1558,0.1659,0.7925
1559,0.3185,0.6170
1560,0.1659,0.7854
1561,0.3123,0.6159
1562,0.5028,0.9567
1563,0.1659,0.9568
1564,0.1659,0.6307
1565,0.3082,0.6160
1566,0.1669,0.7609
1567,0.1659,0.6416
1568,0.1649,0.6052
1569,0.3133,0.6041
1570,0.1669,0.7575
1571,0.1628,0.8653
1572,0.1638,0.6453
1573,0.1649,0.6116
1574,0.3103,0.6053
1575,0.1700,0.7789
1576,0.1792,0.6205
1577,0.4690,0.6345
1578,0.1679,0.9906
1579,0.1679,0.8538
1580,0.1659,0.5926
1581,0.1700,0.6017
1582,0.1618,0.6089
1583,0.1628,0.6047
1584,0.3297,0.5921
1585,0.2652,0.8147
1586,0.3164,0.7368
1587,0.1731,1.0378
1588,0.3174,0.6425
1589,0.1669,0.7930
1590,0.1679,0.6195
1591,0.1700,0.6246
1592,0.1772,0.6153
1593,0.1864,0.6034
1594,0.1731,0.7318
1595,0.1669,0.8660
1596,0.1710,0.6297
1597,0.1669,0.6190
1598,0.1772,0.6186
1599,0.1669,0.9279
1600,0.1649,0.5280
1601,0.5079,0.5985
1602,0.1802,1.0091
1603,0.1679,0.9052
1604,0.3103,0.6043
1605,0.1669,0.7803
1606,0.1628,0.6298
1607,0.1638,0.6007
1608,0.1669,0.6118
1609,0.1649,0.6000
1610,0.1679,0.7695
1611,0.1638,0.8067
1612,0.1628,0.6146
1613,0.1659,0.6123
1614,0.1659,0.6226
1615,0.1690,0.5979
1616,0.1720,0.6187
1617,0.1638,0.5939
1618,0.6318,0.7110
1619,0.1638,1.1474
1620,0.3185,0.5855
1621,0.2130,0.8435
1622,0.1731,0.6706
1623,0.1649,0.6108
1624,0.1915,0.5989
1625,0.1618,0.6727
1626,0.1679,0.7882
1627,0.1659,0.7712
1628,0.1628,0.5985
1629,0.1628,0.6073
1630,0.1628,0.6036
1631,0.3092,0.6127
1632,0.1649,0.7938
1633,0.2550,0.6030
1634,0.1751,0.6979
1635,0.1700,0.6223
1636,0.1700,1.0033
1637,0.1679,0.6258
1638,0.1638,0.6032
1639,0.1720,0.6237
1640,0.1649,0.5949
1641,0.1659,0.6217
1642,0.4925,0.7294
1643,0.1772,0.9525
1644,0.3195,0.6092
1645,0.3174,0.7678
1646,0.1649,0.7907
1647,0.1618,0.6440
1648,0.1679,0.5630
1649,0.2724,0.6355
1650,0.1690,0.6927
1651,0.3164,0.8843
1652,0.3093,0.8052
1653,0.1649,0.7875
1654,0.1659,0.6230
1655,0.1669,0.5885
1656,0.1649,0.6061
1657,0.2836,0.6176
1658,0.1772,0.6289
1659,0.1649,0.8652
1660,0.3113,0.6506
1661,0.1679,0.7612
1662,0.1649,0.6173
1663,0.1638,0.6022
1664,0.3133,0.6135
1665,0.2396,0.8785
1666,0.1690,0.6367
1667,0.1628,0.8363
1668,0.1659,0.6530
1669,0.4168,0.6031
1670,0.1700,0.9012
1671,0.1659,0.6156
1672,0.3195,0.5974
1673,0.6502,0.8225
1674,0.1679,1.2248
1675,0.1905,0.6282
1676,0.1751,0.6265
1677,0.1690,0.6192
1678,0.3553,0.6210
1679,0.1649,0.8282
1680,0.1659,0.6087
1681,0.1618,0.6110
1682,0.3236,0.5307
1683,0.1669,1.0343
1684,0.3389,0.6214
1685,0.3103,0.8245
1686,0.3123,0.7855
1687,0.1669,0.8017
1688,0.2621,0.6275
1689,0.1679,0.7032
1690,0.3103,0.8764
1691,0.1741,0.7867
1692,0.1679,0.6525
1693,0.1710,0.5933
1694,0.1731,0.6157
1695,0.1792,0.6170
1696,0.2908,0.6227
1697,0.4905,0.7282
1698,0.1812,0.8303
1699,0.1659,0.5423
1700,0.1700,0.5817
1701,0.1669,0.6048
1702,0.1772,0.6084
1703,0.1556,0.6711
1704,0.3277,0.5841
1705,0.1679,2.6499
1706,0.3113,0.5623
1707,0.3072,0.8041
1708,0.1710,0.7795
1709,0.1669,0.6283
1710,0.2570,0.6014
1711,0.1710,0.7600
1712,0.1587,0.8543
1713,0.1659,0.5839
1714,0.1700,0.6168
1715,0.1659,0.6146
1716,0.1628,0.6046
1717,0.3144,0.6118
1718,0.2949,0.7980
1719,0.1731,0.7661
1720,0.1659,0.8547
1721,0.1659,0.6213
1722,0.3164,0.5989
1723,0.1628,0.8016
1724,0.3144,0.6243
1725,0.1638,0.7829
1726,0.2847,0.6108
1727,0.1700,0.7568
1728,0.1843,0.8646
1729,0.1833,0.6195
1730,0.1792,0.8023
1731,0.3871,0.6269
1732,0.1638,0.7715
1733,0.2365,0.6073
1734,0.1853,0.7743
1735,0.1679,0.6519
1736,0.3164,0.8825
1737,0.3103,0.7943
1738,0.3318,0.7780
1739,0.3277,0.8154
1740,0.3154,0.8072
1741,0.1669,0.7927
1742,0.1956,0.6950
1743,0.1659,0.8947
1744,0.3113,0.6177
1745,0.3174,0.7908
1746,0.3543,0.7837
1747,0.1649,0.8470
1748,0.2714,0.6222
1749,0.1556,0.7634
1750,0.1690,0.7897
1751,0.1721,0.6276
1752,0.1853,0.6562
1753,0.1649,0.5945
1754,0.3082,0.6347
1755,0.1792,0.7652
1756,0.1833,0.7304
1757,0.4925,0.7021
1758,0.1720,0.9005
1759,0.1649,0.6615
1760,0.3512,0.6094
1761,0.1659,0.8134
1762,0.1905,0.6271
1763,0.3830,0.6932
1764,0.1690,0.7600
1765,0.1700,0.7205
1766,0.1669,0.8472
1767,0.1659,0.6061
1768,0.1659,0.6240
1769,0.1751,0.6050
1770,0.1669,0.6172
1771,0.3154,0.6113
1772,0.1812,0.8090
1773,0.4966,0.7208
1774,0.2120,0.8700
1775,0.1608,0.6633
1776,0.3164,0.5605
1777,0.1772,0.7231
1778,0.1772,0.6660
1779,0.3103,0.5905
1780,0.3523,0.7579
1781,0.1690,0.8900
1782,0.1772,0.8671
1783,0.1659,0.6174
1784,0.1669,0.6091
1785,0.1649,0.6045
1786,0.1649,0.6159
1787,0.1710,0.6153
1788,0.2703,0.6135
1789,0.1669,0.7325
1790,0.1679,0.6075
1791,0.1731,0.9952
1792,0.3287,0.6434
1793,0.3092,0.8012
1794,0.3144,0.7771
1795,0.1925,0.8636
1796,0.1731,0.5937
1797,0.1690,0.5421
1798,0.1597,0.8458
1799,0.2109,0.6025
1800,0.1679,0.6998
1801,0.1679,0.5615
1802,0.3164,0.6377
1803,0.1669,0.7840
1804,0.2478,0.6067
1805,0.1597,0.6555
1806,0.1679,0.7990
1807,0.1700,0.6464
1808,0.1690,0.6128
1809,0.1700,0.6132
1810,0.1700,0.6106
1811,0.1700,0.6193
1812,0.1700,0.6242
1813,0.1761,0.6276
1814,0.1997,0.6478
1815,0.1669,0.8702
1816,0.3973,0.5721
1817,0.1659,0.7795
1818,0.3553,0.6289
1819,0.3133,0.8587
1820,0.4495,0.7962
1821,0.3297,0.9427
1822,0.3287,1.0523
1823,0.3144,0.8262
1824,0.1669,0.7794
1825,0.3062,0.6254
1826,0.3205,0.7705
1827,0.1720,0.8049
1828,0.3277,0.7508
1829,0.1669,1.0375
1830,0.1700,0.6692
1831,0.1690,0.5755
1832,0.1638,0.6020
1833,0.3226,0.6117
1834,0.4826,0.7978
1835,0.3748,0.9854
1836,0.1700,1.0785
1837,0.1751,0.6496
1838,0.3154,0.6333
1839,0.1700,0.7823
1840,0.1679,0.6109
1841,0.3123,0.6443
1842,0.5069,1.0126
1843,0.3215,0.8673
1844,0.1577,0.8654
1845,0.1731,0.5475
1846,0.1659,0.6055
1847,0.1649,0.6084
1848,0.1659,0.6073
1849,0.1649,0.6245
1850,0.1659,0.6197
1851,0.1700,0.6695
1852,0.1679,0.8720
1853,0.3133,0.6131
1854,0.1720,0.7945
1855,0.2171,0.6218
1856,0.1669,0.6588
1857,0.3164,0.6131
1858,0.6349,0.9570
1859,0.1649,1.1022
1860,0.1782,0.6380
1861,0.1812,0.9175
1862,0.1751,0.5700
1863,0.2908,0.6041
1864,0.2693,0.7655
1865,0.6451,0.9952
1866,0.3215,1.0272
1867,0.3174,0.8194
1868,0.1864,0.7789
1869,0.1669,0.6540
1870,0.1894,0.5721
1871,0.1772,0.6582
1872,0.1659,0.5851
1873,0.1884,0.8003
1874,0.1700,0.8968
1875,0.1812,0.6232
1876,0.1669,0.6362
1877,0.1751,0.6203
1878,0.1526,0.8843
1879,0.1946,0.5520
1880,0.5089,0.9215
1881,0.3656,1.1087
1882,0.1864,1.0138
1883,0.3297,0.6103
1884,0.1731,0.9653
1885,0.1772,0.7534
1886,0.2929,0.5708
1887,0.4792,0.7499
1888,0.1700,0.9687
1889,0.1792,0.6525
1890,0.1710,0.6459
1891,0.1587,0.6324
1892,0.1772,0.5450
1893,0.1761,0.6274
1894,0.1720,0.7046
1895,0.5007,0.6299
1896,0.1802,0.8378
1897,0.1741,0.7474
1898,0.1690,0.6166
1899,0.3983,0.7320
1900,0.1649,0.8390
1901,0.1669,0.6814
1902,0.1741,0.8300
1903,0.3328,0.6042
1904,0.1751,1.0703
1905,0.3133,0.6166
1906,0.1659,0.8031
1907,0.1659,0.6214
1908,0.3133,0.6314
1909,0.4526,0.8058
1910,0.1690,0.9210
1911,0.3543,0.8743
1912,0.1690,0.8316
1913,0.1690,0.6150
1914,0.3144,0.6273
1915,0.3185,0.8389
1916,0.1700,0.7997
1917,0.6134,0.7041
1918,0.3287,1.1126
1919,0.1690,0.8234
1920,0.3205,0.6282
1921,0.1812,0.8067
1922,0.1761,0.6897
1923,0.1731,0.7426
1924,0.6523,0.7878
1925,0.1679,1.0387
1926,0.1894,0.6527
1927,0.1628,0.6679
1928,0.1679,0.5472
1929,0.1669,0.5997
1930,0.1700,0.6041
1931,0.1720,0.6152
1932,0.1669,0.6121
1933,0.7916,0.5240
1934,0.1679,1.2815
1935,0.1679,0.6726
1936,0.3195,0.5758
1937,0.2263,0.7922
1938,0.1946,1.0001
1939,0.1731,0.7084
1940,0.1690,0.7994
1941,0.1659,0.8867
1942,0.1649,0.6865
1943,0.1946,0.5929
1944,0.1638,0.6746
1945,0.1690,0.6495
1946,0.1649,0.6660
1947,0.1833,0.5376
1948,0.2048,0.9560
1949,0.4168,0.9155
1950,0.1741,0.8984
1951,0.1823,0.7110
1952,0.1649,0.7311
1953,0.1905,0.7967
1954,0.6420,0.9200
1955,0.1628,1.2633
1956,0.1802,0.7406
1957,0.1710,0.7692
1958,0.1638,0.8156
1959,0.1710,0.7598
1960,0.1659,0.7235
1961,0.1700,0.9760
1962,0.1618,0.6907
1963,0.1731,0.8342
1964,0.1690,0.8433
1965,0.1710,0.7118
1966,0.1802,0.7540
1967,0.1925,0.7722
1968,0.1751,0.9092
1969,0.1853,0.9403
1970,0.3174,0.5725
1971,0.1720,0.8065
1972,0.1946,0.6533
1973,0.3748,0.6025
1974,0.4690,0.7709
1975,0.1731,0.9523
1976,0.1731,0.8644
1977,0.1679,0.6749
1978,0.1597,0.6933
1979,0.1751,0.5566
1980,0.1679,0.6073
1981,0.1741,0.6266
1982,0.2488,0.6727
1983,0.1649,0.7565
1984,0.1690,0.8131
1985,0.1720,0.6294
1986,0.1628,0.6399
1987,0.1792,0.5809
1988,0.1761,0.6470
1989,0.1853,0.6213
1990,0.1761,0.7524
1991,0.6482,0.7930
1992,0.2181,1.0700
1993,0.1679,0.7594
1994,0.3461,0.5055
1995,0.1628,0.8166
1996,0.1731,0.6231
1997,0.1710,0.6242
1998,0.1628,0.6381
1999,0.1649,0.7423
2000,0.1669,0.8636
2001,0.1669,0.6387
2002,0.3154,0.6267
2003,0.1782,0.8132
2004,0.2028,0.6350
2005,0.1628,0.6336
2006,0.2376,0.5152
2007,0.1925,0.9080
2008,0.1710,0.8157
2009,0.1720,0.6701
2010,0.1669,0.6231
2011,0.2140,0.6641
2012,0.1669,0.6895
2013,0.1751,0.5894
2014,0.1690,0.6123
2015,0.1720,0.6893
2016,0.3768,0.8588
2017,0.1659,0.8814
2018,0.3205,0.5973
2019,0.1679,0.8125
2020,0.3492,0.6403
2021,0.2202,0.7410
2022,0.1802,0.6712
2023,0.1700,0.5477
2024,0.1720,0.8558
2025,0.1669,0.6666
2026,0.1772,0.6117
2027,0.1690,0.6267
2028,0.3164,0.6253
2029,0.3113,0.7903
2030,0.6380,0.9424
2031,0.2232,1.1112
2032,0.1690,0.7481
2033,0.3379,0.5903
2034,0.1833,0.8346
2035,0.1700,0.6274
2036,0.3195,0.5909
2037,0.6124,1.0581
2038,0.1659,1.1559
2039,0.3113,0.6399
2040,0.3082,0.7993
2041,0.1690,0.7947
2042,0.3185,0.6275
2043,0.1669,0.8049
2044,0.4762,0.7171
2045,0.1751,0.9464
2046,0.1823,2.8555
2047,0.1761,0.6687
2048,0.2560,0.5128
2049,0.1577,0.7535
2050,0.1659,0.8742
2051,0.3461,0.6221
2052,0.3174,0.8347
2053,0.1669,0.8076
2054,0.1669,0.6152
2055,0.1690,0.6308
2056,0.6851,0.6054
2057,0.1638,1.2750
2058,0.1649,0.6343
2059,0.1638,0.6028
2060,0.1618,0.6068
2061,0.1628,0.5952
2062,0.1638,0.6089
2063,0.1618,0.6033
2064,0.1649,0.6081
2065,0.1628,0.7068
2066,0.3164,0.8633
2067,0.1679,0.8159
2068,0.1782,0.7955
2069,0.1608,0.5622
2070,0.1638,0.6074
2071,0.1628,0.5796
2072,0.4608,0.5953
2073,0.1638,0.7995
2074,0.1905,0.8839
2075,0.1669,0.6134
2076,0.1638,0.6325
2077,0.1720,0.5973
2078,0.1792,0.6332
2079,0.1956,0.6132
2080,0.2662,0.6588
2081,0.1649,0.7221
2082,0.1669,0.6092
2083,0.3174,1.0205
2084,0.3164,0.7762
2085,0.3553,0.8012
2086,0.3154,0.8399
2087,0.2499,0.8837
2088,0.5069,0.6529
2089,0.1649,0.9657
2090,0.1618,0.6034
2091,0.3164,0.6101
2092,0.1669,0.7927
2093,0.1638,0.5962
2094,0.3123,0.6143
2095,0.6636,0.7933
2096,0.3154,1.2869
2097,0.3246,0.7793
2098,0.3123,0.8078
2099,0.3072,0.7988
2100,0.1618,0.7653
2101,0.3123,0.6341
2102,0.1669,0.9366
2103,0.1638,0.8571
2104,0.1567,0.5377
2105,0.1628,0.5998
2106,0.1608,0.6136
2107,0.1649,0.6165
2108,0.1638,0.6028
2109,0.3205,0.6339
2110,0.5028,1.0117
2111,0.1782,0.8730
2112,0.1618,0.6732
2113,0.1720,0.5655
2114,0.1700,0.5977
2115,0.1577,0.6394
2116,0.1608,0.5931
2117,0.1731,0.6017
2118,0.8581,0.6222
2119,0.1608,1.4497
2120,0.3123,0.6163
2121,0.1618,0.7797
2122,0.1649,0.6093
2123,0.3164,0.5983
2124,0.1741,0.8078
2125,0.3441,0.6501
2126,0.1638,0.8992
2127,0.1577,0.7336
2128,0.1690,0.5985
2129,0.1587,0.6162
2130,0.1608,0.6042
2131,0.3195,0.5982
2132,0.1618,0.8048
2133,0.4424,0.6180
2134,0.1638,0.9476
2135,0.3154,0.8411
2136,0.3277,0.7937
2137,0.1597,0.8145
2138,0.1710,0.6043
2139,0.2079,0.6043
2140,0.1864,0.6887
2141,0.1649,0.7592
2142,0.1587,0.5052
2143,0.1690,0.7498
2144,0.1628,0.4928
2145,0.3164,0.6136
2146,0.3103,0.8188
2147,0.1659,0.7962
2148,0.1628,0.6058
2149,0.1638,0.6546
2150,0.1649,0.6531
2151,0.1649,0.8538
2152,0.1669,0.6392
2153,0.3267,0.6142
2154,0.1679,0.8059
2155,0.1659,0.6122
2156,0.1669,0.6210
2157,0.2345,0.5984
2158,0.1700,0.6884
2159,0.1690,0.8912
2160,0.1669,0.5481
2161,0.1638,0.6082
2162,0.1638,0.5987
2163,0.1638,0.6115
2164,0.1659,0.6061
2165,0.1669,0.6731
2166,0.6390,0.4906
2167,0.1628,1.2138
2168,0.3185,0.6192
2169,0.3564,0.8010
2170,0.1669,0.8241
2171,0.3103,0.6307
2172,0.1649,0.7805
2173,0.1761,0.6468
2174,0.1597,0.7307
2175,0.3205,0.8834
2176,0.3174,0.7862
2177,0.1690,0.7805
2178,0.3164,0.6285
2179,0.1669,0.8003
2180,0.1669,0.6316
2181,0.6093,0.6990
2182,0.1618,1.0075
2183,0.1649,0.6286
2184,0.1597,0.6079
2185,0.1772,0.6003
2186,0.3471,0.6269
2187,0.1628,0.9053
2188,0.2171,0.5569
2189,0.4731,0.6526
2190,0.1731,0.8275
2191,0.1679,0.6386
2192,0.1638,0.6211
2193,0.1628,0.6041
2194,0.1567,0.6089
2195,0.1669,0.5919
2196,0.3123,0.6032
2197,0.5038,1.0290
2198,0.1608,0.8500
2199,0.1659,0.6180
2200,0.1608,0.6887
2201,0.1608,0.6966
2202,0.1649,0.4987
2203,0.1577,0.5984
2204,0.3144,0.6095
2205,0.5120,1.0321
2206,0.3154,0.8699
2207,0.1700,0.8073
2208,0.1618,0.6145
2209,0.1638,0.6236
2210,0.1628,0.5953
2211,0.1577,0.6195
2212,0.4424,0.6024
2213,0.1608,0.9592
2214,0.3256,0.8410
2215,0.3103,0.8316
2216,0.3236,0.7854
2217,0.3133,0.8007
2218,0.1556,0.7959
2219,0.1618,0.6046
2220,0.1761,0.6700
2221,0.1628,0.5485
2222,0.1741,0.8261
2223,0.1567,0.5560
2224,0.1618,0.5766
2225,0.1587,0.6213
2226,0.1649,0.6007
2227,0.1628,0.6087
2228,0.5192,0.6191
2229,0.3236,1.0168
2230,0.3113,1.1239
2231,0.1628,0.7369
2232,0.1618,0.6211
2233,0.1649,0.5997
2234,0.1557,0.6051
2235,0.3164,0.6041
2236,0.1649,0.9648
2237,0.1628,0.5943
2238,0.1628,1.0843
2239,0.1598,0.6341
2240,0.1720,0.6215
2241,0.1638,0.6068
2242,0.1618,0.6009
2243,0.1690,0.6157
2244,0.1720,0.6136
2245,0.1638,0.5378
2246,0.1597,0.8481
2247,0.1741,0.5938
2248,0.1628,0.6236
2249,0.1659,0.6105
2250,0.1628,0.6103
2251,0.1587,0.6268
2252,0.3031,0.5870
2253,0.1772,0.8234
2254,0.1987,0.8500
2255,0.1638,0.6770
2256,0.1720,0.6281
2257,0.3164,0.6788
2258,0.1628,0.7269
2259,0.1628,0.6120
2260,0.2867,0.6096
2261,0.1608,0.7266
2262,0.1608,0.8641
2263,0.1638,0.6160
2264,0.1638,0.6058
2265,0.3174,0.6063
2266,0.1679,0.8224
2267,0.1608,0.6441
2268,0.1577,0.5878
2269,0.6492,0.6967
2270,0.1618,1.0491
2271,0.1556,0.6616
2272,0.1587,0.5552
2273,0.3174,0.5929
2274,0.1700,0.8037
2275,0.3133,0.6284
2276,0.3154,0.7874
2277,0.1649,0.9041
2278,0.1741,0.7616
2279,0.3133,0.5175
2280,0.3185,0.7932
2281,0.1587,0.8011
2282,0.3133,0.6201
2283,0.1638,0.7806
2284,0.1618,0.6095
2285,0.1731,0.6330
2286,0.3195,0.8801
2287,0.1679,0.8173
2288,0.1772,0.5934
2289,0.1679,0.8212
2290,0.1679,0.5504
2291,0.1669,0.5632
2292,0.1679,0.6182
2293,0.1812,0.7375
2294,0.1649,0.8591
2295,0.1741,0.6062
2296,0.3154,0.6109
2297,0.1618,0.8543
2298,0.3174,0.5557
2299,0.1577,0.8047
2300,0.1659,0.6123
2301,0.3215,0.6308
2302,0.3215,1.0501
2303,0.1618,0.7813
2304,0.1628,0.6184
2305,0.1659,0.6019
2306,0.3133,0.6270
2307,0.1690,0.7877
2308,0.4946,0.6814
2309,0.1618,0.8311
2310,0.1608,0.6081
2311,0.3154,0.6207
2312,0.3174,0.8339
2313,0.3246,0.7845
2314,0.1556,0.8178
2315,0.1731,0.5993
2316,0.1638,0.7479
2317,0.1669,0.8490
2318,0.1812,0.6077
2319,0.1700,0.6530
2320,0.1618,0.5974
2321,0.1608,0.6018
2322,0.3103,0.6127
2323,0.2785,0.7822
2324,0.3195,0.7869
2325,0.1659,0.9759
2326,0.1649,0.6524
2327,0.1638,0.6097
2328,0.1628,0.6195
2329,0.1628,0.5917
2330,0.1587,0.6086
2331,0.1577,0.5883
2332,0.1679,0.5970
2333,0.3236,0.6326
2334,0.1669,0.9236
2335,0.1597,0.6127
2336,0.3185,0.6147
2337,0.1597,0.7943
2338,0.1638,0.5944
2339,0.1608,0.6002
2340,0.1638,0.6044
2341,0.1710,0.6401
2342,0.1638,0.8673
2343,0.1649,0.6409
2344,0.1782,0.6398
2345,0.1638,0.6181
2346,0.1710,0.6316
2347,0.1649,0.6152
2348,0.2959,0.5923
2349,0.1638,0.7721
2350,0.1679,0.8243
2351,0.1649,0.6270
2352,0.1638,0.6003
2353,0.1618,0.6189
2354,0.1628,0.5956
2355,0.1567,0.6033
2356,0.1618,0.5990
2357,0.1659,0.5989
2358,0.1669,0.7064
2359,0.1567,0.8888
2360,0.1628,0.5946
2361,0.1587,0.6034
2362,0.1649,0.6187
2363,0.3133,0.6115
2364,0.1669,0.7729
2365,0.1772,0.6262
2366,0.1987,0.7669
2367,0.1761,0.8762
2368,0.1997,0.7584
2369,0.1731,0.5946
2370,0.1628,0.6402
2371,0.1700,0.5689
2372,0.1679,0.6975
2373,0.3113,0.5837
2374,0.1628,0.7648
2375,0.1587,0.8538
2376,0.1638,0.6239
2377,0.1649,0.6292
2378,0.3185,0.5947
2379,0.3267,0.8048
2380,0.3195,0.8099
2381,0.4772,1.0917
2382,0.1628,0.8181
2383,0.3185,0.6496
2384,0.1802,0.7912
2385,0.3850,0.6484
2386,0.1884,0.8263
2387,0.3953,0.5947
2388,0.1649,2.6149
2389,0.3144,0.6500
2390,0.3461,0.8121
2391,0.3441,0.8191
2392,0.3154,0.8290
2393,0.1935,1.0424
2394,0.1649,0.6294
2395,0.1710,1.0845
2396,0.1741,0.6196
2397,0.3287,0.5439
2398,0.3256,0.8103
2399,0.3236,0.8134
2400,0.5048,1.0556
2401,0.1638,0.9129
2402,0.1669,0.6196
2403,0.1843,0.6109
2404,0.1649,0.6307
2405,0.3174,0.6194
2406,0.3205,0.7991
2407,0.1628,0.7998
2408,0.1700,0.7328
2409,0.1659,0.8399
2410,0.1638,0.6408
2411,0.3215,0.6089
2412,0.1618,0.8292
2413,0.1659,0.5967
2414,0.4116,0.6015
2415,0.1628,0.8949
2416,0.3215,0.6931
2417,0.1628,1.0320
2418,0.1731,0.6351
2419,0.1761,0.7768
2420,0.1628,0.5248
2421,0.3133,0.5957
2422,0.4598,0.7777
2423,0.1649,0.9688
2424,0.1915,0.9905
2425,0.1700,0.5563
2426,0.1731,0.5869
2427,0.1669,0.6169
2428,0.1669,0.6137
2429,0.3246,0.6118
2430,0.3113,0.8522
2431,0.6410,0.7301
2432,0.1700,1.1313
2433,0.1679,0.6502
2434,0.1597,0.5974
2435,0.1638,0.6206
2436,0.1587,0.5862
2437,0.1741,0.6268
2438,0.2632,0.6167
2439,0.5048,0.7062
2440,0.1659,0.9489
2441,0.3134,0.6375
2442,0.3144,0.7909
2443,0.3256,0.7919
2444,0.1618,0.7912
2445,0.1700,0.6217
2446,0.1659,0.6241
2447,0.3031,0.7025
2448,0.3154,1.0015
2449,0.1700,0.7863
2450,0.1679,0.6424
2451,0.1894,0.6732
2452,0.1649,0.6105
2453,0.5396,0.6067
2454,0.1690,1.0197
2455,0.3205,0.8712
2456,0.3185,0.7951
2457,0.1659,0.7888
2458,0.1690,0.6142
2459,0.3287,0.6357
2460,0.4618,0.7603
2461,0.2324,1.0203
2462,0.1669,0.8431
2463,0.1782,0.6799
2464,0.3205,0.6548
2465,0.3277,0.8117
2466,0.1659,0.7858
2467,0.1833,0.7038
2468,0.1649,0.6092
2469,0.1761,0.6551
2470,0.1679,0.8753
2471,0.1669,0.6412
2472,0.1649,0.6013
2473,0.1720,0.6599
2474,0.1597,0.5806
2475,0.3205,0.6052
2476,0.1710,0.8273
2477,0.1628,0.7082
2478,0.3144,0.8480
2479,0.1659,0.8113
2480,0.1659,0.5980
2481,0.3308,0.6184
2482,0.3154,0.8171
2483,0.1669,0.8049
2484,0.5018,0.7043
2485,0.1669,0.8345
2486,0.1669,0.6717
2487,0.1751,0.6133
2488,0.1690,0.6682
2489,0.1812,0.6058
2490,0.1669,0.6611
2491,0.1679,0.6118
2492,0.1659,0.6045
2493,0.3256,0.7192
2494,0.1997,1.0406
2495,0.3154,0.6687
2496,0.1659,0.7842
2497,0.1638,0.6121
2498,0.1587,0.6165
2499,0.1618,0.6030
2500,0.2028,0.6112
2501,0.1567,0.7342
2502,0.1669,0.8860
2503,0.1638,0.5955
2504,0.3133,0.6281
2505,0.3707,0.7986
2506,0.3144,0.8577
2507,0.3185,0.7945
2508,0.1690,0.9123
2509,0.1618,0.8530
2510,0.1659,0.5983
2511,0.1956,0.6411
2512,0.1772,0.6590
2513,0.1628,0.5942
2514,0.1638,0.5897
2515,0.2376,0.6340
2516,0.1659,0.6637
2517,0.3123,0.9198
2518,0.1659,0.8338
2519,0.1802,0.5889
2520,0.1679,0.5947
2521,0.1669,0.6048
2522,0.1731,0.6143
2523,0.3154,0.7120
2524,0.5059,0.7657
2525,0.1597,0.9033
2526,0.3164,0.6274
2527,0.1659,0.7926
2528,0.1669,0.6371
2529,0.1669,0.6978
2530,0.1864,0.5719
2531,0.4782,0.6846
2532,0.3256,0.8612
2533,0.1669,1.1070
2534,0.1720,0.5801
2535,0.1638,0.6387
2536,0.1618,0.5950
2537,0.1700,0.6059
2538,0.1690,0.6221
2539,0.1659,0.5988
2540,0.7936,0.8061
2541,0.1587,1.2255
2542,0.1659,0.6226
2543,0.1628,0.6068
2544,0.1659,0.6214
2545,0.1690,0.6129
2546,0.1659,0.6057
2547,0.1700,0.6227
2548,0.1812,0.6297
2549,0.1751,0.8707
2550,0.1700,0.8935
2551,0.1792,0.5231
2552,0.1782,0.5564
2553,0.1669,0.5839
2554,0.3779,0.6003
2555,0.1700,0.8350
2556,0.1720,0.7655
2557,0.3451,0.8108
2558,0.1690,0.7666
2559,0.1843,0.6396
2560,0.1659,0.5832
2561,0.1669,0.6229
2562,0.1823,0.6042
2563,0.2601,0.5885
2564,0.4915,0.6118
2565,0.1853,0.9161
2566,0.1731,0.6504
2567,0.1802,0.6023
2568,0.1812,0.5965
2569,0.1772,0.6036
2570,0.1782,0.8363
2571,0.1720,0.5770
2572,0.1628,0.5608
2573,0.1659,0.7177
2574,0.1710,0.8687
2575,0.1710,0.6861
2576,0.1679,0.5796
2577,0.1700,0.6236
2578,0.1987,0.5784
2579,0.1731,0.7282
2580,0.1905,0.6061
2581,0.1853,0.6446
2582,0.1638,0.9010
2583,0.1567,0.5692
2584,0.1638,0.6271
2585,0.1710,0.6437
2586,0.1731,0.5729
2587,0.1659,0.5963
2588,0.2099,0.5805
2589,0.1690,0.7320
2590,0.1690,0.6571
2591,0.1782,0.7155
2592,0.1741,0.6160
2593,0.1710,0.6203
2594,0.1864,0.7716
2595,0.1690,0.5450
2596,0.1628,0.6830
2597,0.1597,0.5208
2598,0.3256,0.7851
2599,0.1700,1.0565
2600,0.1659,0.6108
2601,0.3308,0.6312
2602,0.1577,0.8257
2603,0.1659,0.6165
2604,0.1669,0.5967
2605,0.1720,0.5959
2606,0.1751,0.5079
2607,0.1720,0.8739
2608,0.3185,0.6263
2609,0.1669,0.8078
2610,0.3256,0.6193
2611,0.3236,0.8044
2612,0.2089,0.8104
2613,0.4925,0.7532
2614,0.1649,0.9296
2615,0.1659,0.6266
2616,0.1608,0.6127
2617,0.1649,0.6059
2618,0.3174,0.6262
2619,0.1679,0.8061
2620,0.1679,0.6042
2621,0.5130,0.7308
2622,0.3328,0.8614
2623,0.1700,0.8474
2624,0.1669,0.6089
2625,0.1618,0.6630
2626,0.1669,0.5955
2627,0.1618,0.5825
2628,0.1608,0.6011
2629,0.1690,0.6032
2630,0.1659,0.5571
2631,0.3215,0.8774
2632,0.1720,0.9467
2633,0.1751,0.7742
2634,0.1843,0.6898
2635,0.4362,0.7622
2636,0.4915,1.1803
2637,0.1638,0.9531
2638,0.3983,0.6258
2639,0.1679,1.0318
2640,0.1638,0.5372
2641,0.1802,0.6408
2642,0.1792,0.8250
2643,0.6830,0.8265
2644,0.1720,1.3074
2645,0.1556,0.6371
2646,0.1731,0.7451
2647,0.1700,0.7657
2648,0.1751,0.7564
2649,0.1956,0.7218
2650,0.1741,0.8646
2651,0.1710,0.9531
2652,0.1720,0.7716
2653,0.1690,0.7431
2654,0.1690,0.7660
2655,0.1751,0.6558
2656,0.5550,0.7121
2657,0.1618,1.2549
2658,0.1782,0.7326
2659,0.2017,0.8099
2660,0.1649,0.6163
2661,0.1720,0.5361
2662,0.3850,0.7873
2663,0.5775,0.7826
2664,0.1710,1.1281
2665,0.3379,0.8079
2666,0.1700,0.8425
2667,0.3185,0.6325
2668,0.1843,0.8188
2669,0.2058,0.6334
2670,0.1782,0.6621
2671,0.1864,0.6044
2672,0.1997,0.7275
2673,0.2068,0.9044
2674,0.1853,0.6544
2675,0.1833,0.6823
2676,0.1710,0.6971
2677,0.1700,0.5902
2678,0.1700,0.6285
2679,0.1679,0.6563
2680,0.1690,0.8273
2681,0.3236,0.7477
2682,0.1638,0.8345
2683,0.3226,0.6258
2684,0.3420,0.7965
2685,0.1761,0.8342
2686,0.3512,0.6448
2687,0.1679,0.9057
2688,0.1577,0.8921
2689,0.1700,0.6506
2690,0.1741,0.6129
2691,0.3215,0.6313
2692,0.1659,0.7960
2693,0.1638,0.6263
2694,0.1792,0.6306
2695,0.7916,0.6879
2696,0.1649,1.2230
2697,0.3195,0.6353
2698,0.1792,0.8049
2699,0.1628,0.6271
2700,0.1659,0.6232
2701,0.2417,0.6099
2702,0.1638,1.2062
2703,0.2007,0.6229
2704,0.1772,0.7288
2705,0.1731,0.6189
2706,0.1731,0.6402
2707,0.3195,0.6384
2708,0.3174,0.8220
2709,0.6420,0.9603
2710,0.1679,1.1216
2711,0.1659,0.6272
2712,0.1659,0.6686
2713,0.1587,0.6206
2714,0.1741,0.6413
2715,0.1618,0.6489
2716,0.5007,0.6459
2717,0.3256,0.9772
2718,0.1669,0.9406
2719,0.1669,0.6185
2720,0.1638,0.6030
2721,0.1669,0.6123
2722,0.1731,0.6151
2723,0.1761,0.6190
2724,0.7680,0.6258
2725,0.3236,1.3735
2726,0.1690,0.8001
2727,0.1731,0.7431
2728,0.3256,0.5459
2729,0.6216,2.7357
2730,0.3277,1.0445
2731,0.1710,0.8444
2732,0.1700,0.6350
2733,0.1782,0.5851
2734,0.3215,0.6474
2735,0.4803,0.8341
2736,0.3318,0.9691
2737,0.3645,1.0726
2738,0.3174,0.8457
2739,0.3174,0.8146
2740,0.1710,0.7629
2741,0.1659,0.6738
2742,0.2898,0.5593
2743,0.1751,0.7603
2744,0.3768,0.9969
2745,0.1679,0.8418
2746,0.1608,0.6164
2747,0.1587,0.6045
2748,0.1720,0.5948
2749,0.3205,0.6241
2750,0.1690,0.8007
2751,0.1608,0.7358
2752,0.1905,0.9009
2753,0.3154,0.6181
2754,0.3144,0.8211
2755,0.3205,0.7869
2756,0.1690,0.7992
2757,0.2642,0.6424
2758,0.4966,0.7014
2759,0.1679,0.8736
2760,0.1669,0.6140
2761,0.1741,0.6561
2762,0.1669,0.6153
2763,0.1720,0.6376
2764,0.1792,0.6173
2765,0.1731,0.6081
2766,0.4987,0.8736
2767,0.3287,0.8996
2768,0.3226,0.8074
2769,0.1720,0.7944
2770,0.1731,0.6074
2771,0.1659,0.6452
2772,0.1894,0.6008
2773,0.2652,0.6454
2774,0.1679,0.7356
2775,0.1669,0.8283
2776,0.3133,0.6371
2777,0.1618,0.8084
2778,0.3185,0.6087
2779,0.2007,0.8541
2780,0.1649,0.6012
2781,0.1679,0.6579
2782,0.1669,0.7266
2783,0.3226,0.8507
2784,0.1700,0.8068
2785,0.1638,0.6043
2786,0.3205,0.6344
2787,0.3441,0.7910
2788,0.3011,0.9824
2789,0.4833,0.6517
2790,0.1679,0.9381
2791,0.1792,0.6382
2792,0.3748,0.6326
2793,0.1843,0.9112
2794,0.1966,0.6404
2795,0.1690,0.6215
2796,0.1843,0.6303
2797,0.2017,0.7796
2798,0.1833,0.8652
2799,0.3328,0.6961
2800,0.3205,0.8123
2801,0.1690,0.8342
2802,0.1710,0.6239
2803,0.1997,0.6485
2804,0.7229,0.6733
2805,0.2017,1.2118
2806,0.3963,0.6541
2807,0.1925,1.0653
2808,0.1700,0.6063
2809,0.1997,0.5781
2810,0.2038,0.6541
2811,0.5161,0.8626
2812,0.3256,0.9783
2813,0.1812,0.8298
2814,0.1997,0.6549
2815,0.1956,0.6623
2816,0.1946,0.6489
2817,0.1690,0.6730
2818,0.1649,0.6519
2819,0.1690,0.7279
2820,0.1669,0.8592
2821,0.1608,0.6210
2822,0.2130,0.6377
2823,0.3297,0.7636
2824,0.1812,0.7857
2825,0.1843,0.8476
2826,0.4772,0.8104
2827,0.1956,0.8489
2828,0.1802,0.7155
2829,0.3277,0.6488
2830,0.3226,0.8243
2831,0.3226,0.8049
2832,0.6656,0.8093
2833,0.1741,1.1597
2834,0.1864,0.9341
2835,0.1812,0.5955
2836,0.3277,0.6622
2837,0.3328,0.8078
2838,0.3103,0.8167
2839,0.3082,0.8098
2840,0.1690,0.7543
2841,0.2017,0.6493
2842,0.1597,1.1255
2843,0.1649,0.6491
2844,0.1690,0.6006
2845,0.1731,0.6511
2846,0.1935,0.6429
2847,0.2355,0.6671
2848,0.3523,0.8315
2849,0.1731,1.0562
2850,0.1546,0.5701
2851,0.1628,0.5940
2852,0.3297,0.6192
2853,0.1720,0.8719
2854,0.1608,0.5654
2855,0.1720,0.6236
2856,0.5181,0.6807
2857,0.1700,0.9759
2858,0.3226,0.6428
2859,0.1720,0.8748
2860,0.1669,0.5762
2861,0.1700,0.5993
2862,0.6011,0.8930
2863,0.1864,1.0506
2864,0.3308,0.8307
2865,0.1761,0.8536
2866,0.1720,0.6757
2867,0.1628,0.5689
2868,0.1597,0.6233
2869,0.1761,0.6023
2870,0.1679,0.6392
2871,0.1823,0.7330
2872,0.1679,0.8470
2873,0.1638,0.6464
2874,0.1812,0.6203
2875,0.3277,0.6405
2876,0.1700,0.8638
2877,0.1741,0.5802
2878,0.1618,0.6247
2879,0.3308,0.6597
2880,0.1690,1.1740
2881,0.1628,0.5852
2882,0.3820,0.6192
2883,0.3133,0.8601
2884,0.3185,0.8070
2885,0.1720,0.8269
2886,0.3144,0.7607
2887,0.1710,1.0280
2888,0.1874,0.6568
2889,0.1731,0.6319
2890,0.3328,0.7085
2891,0.3594,0.7785
2892,0.4639,0.8338
2893,0.1700,1.1585
2894,0.1720,0.8596
2895,0.3256,0.6193
2896,0.1812,0.8152
2897,0.1700,0.6586
2898,0.1782,0.6523
2899,0.3666,0.6165
2900,0.6625,0.9239
2901,0.1720,1.1475
2902,0.3287,0.6047
2903,0.1669,0.8333
2904,0.1700,0.6505
2905,0.1690,0.6416
2906,0.1690,0.5879
2907,0.1659,0.8423
2908,0.1659,0.7113
2909,0.3410,0.8077
2910,0.1843,0.8525
2911,0.1690,0.6389
2912,0.1751,0.6103
2913,0.1700,0.6565
2914,0.2662,0.6218
2915,0.5079,0.7238
2916,0.3543,1.0005
2917,0.3430,0.8245
2918,0.1669,0.8462
2919,0.2068,0.6226
2920,0.1772,0.6564
2921,0.1679,0.6276
2922,0.1679,0.6377
2923,0.3205,0.6978
2924,0.1669,0.9999
2925,0.1690,0.6345
2926,0.1649,0.6753
2927,0.1741,0.6118
2928,0.1731,0.6668
2929,0.3154,0.6092
2930,0.4721,1.0033
2931,0.1649,0.9006
2932,0.1894,0.5423
2933,0.1792,0.7409
2934,0.1956,0.5699
2935,0.3164,0.6725
2936,0.1843,0.8256
2937,0.3256,0.6433
2938,0.4915,0.7900
2939,0.1669,0.9583
2940,0.1710,0.6312
2941,0.3185,0.5100
2942,0.3123,0.7992
2943,0.1731,0.7968
2944,0.1843,0.6506
2945,0.1659,0.6161
2946,0.1679,0.7059
2947,0.1659,0.8630
2948,0.3226,0.6054
2949,0.1628,0.8172
2950,0.1720,0.6127
2951,0.1823,0.8439
2952,0.1659,0.5154
2953,0.1679,0.6129
2954,0.1710,0.7076
2955,0.1710,0.8770
2956,0.1608,0.6105
2957,0.1659,0.6380
2958,0.1587,0.6069
2959,0.3215,0.6235
2960,0.3256,0.7806
2961,0.6144,1.0393
2962,0.3236,1.0308
2963,0.3389,0.8188
2964,0.1628,0.8227
2965,0.1659,0.6160
2966,0.3277,0.6011
2967,0.4598,0.8079
2968,0.1659,0.9706
2969,0.1608,0.8514
2970,0.1608,0.6149
2971,0.1741,0.6141
2972,0.1884,0.7841
2973,0.1659,0.6911
2974,0.1956,0.5296
2975,0.2365,0.7481
2976,0.1638,0.6768
2977,0.3215,0.9851
2978,0.1679,0.7818
2979,0.1700,0.6294
2980,0.1597,0.5919
2981,0.3113,0.5992
2982,0.3369,0.7884
2983,0.1669,0.8236
2984,0.1618,0.7379
2985,0.3164,0.8918
2986,0.3277,0.7965
2987,0.3154,0.8064
2988,0.3215,0.7957
2989,0.1659,0.7973
2990,0.1649,0.6511
2991,0.7956,0.7105
2992,0.1669,1.2515
2993,0.1659,0.6174
2994,0.1649,0.6794
2995,0.1669,0.5553
2996,0.1690,0.6274
2997,0.1669,0.5981
2998,0.1925,0.6324
2999,0.1700,0.6732
