# label=scattered_vis0_bs128_cw1_n10000,mode=scattered,N=10000,vis=0,steps=3000,dt=0.2
step,step_ms,frame_ms
0,0.7967,2.1206
1,0.3256,18.9623
2,0.4741,2.2891
3,0.2253,2.0187
4,0.1925,1.5476
5,0.1874,0.7231
6,0.1853,0.6974
7,0.3738,0.7139
8,0.6298,1.5087
9,0.1812,1.5796
10,0.9565,1.1365
11,0.1915,4.8113
12,0.2089,1.7981
13,0.2109,1.8149
14,0.2120,2.1198
15,0.2304,2.3892
16,0.2079,1.3780
17,0.1997,0.8784
18,0.2038,0.9431
19,0.1587,0.8447
20,0.1843,0.9718
21,0.5622,1.3959
22,0.2028,1.6939
23,0.1853,0.9125
24,0.2038,0.7037
25,0.1618,0.6614
26,0.7465,0.9254
27,0.2929,1.4836
28,0.1946,1.5234
29,0.1976,0.6565
30,0.2130,0.9390
31,0.1823,0.7735
32,0.1843,0.9865
33,0.2161,1.0750
34,0.1720,0.7955
35,0.1823,0.7681
36,0.1925,0.8305
37,0.1833,0.6079
38,0.3236,1.1910
39,0.1731,1.2000
40,0.1812,0.6627
41,0.1864,0.8215
42,0.4127,0.8311
43,0.1690,0.9336
44,0.1649,1.1061
45,0.2109,0.6745
46,0.1628,1.4755
47,0.1915,0.6655
48,0.1935,0.7505
49,0.4485,0.6287
50,0.5878,0.8940
51,0.1679,1.1523
52,0.3021,0.7086
53,0.1741,1.0071
54,0.1761,0.7656
55,0.1700,0.7338
56,0.1751,0.8767
57,0.1638,0.7459
58,0.1792,1.0373
59,0.1731,0.7420
60,0.1843,0.6152
61,0.1741,0.6868
62,0.2120,0.7014
63,0.3820,0.5974
64,0.8745,1.1408
65,0.1741,1.2771
66,0.1987,0.8480
67,0.1700,0.6971
68,0.1577,0.6994
69,0.5734,0.8676
70,0.5734,1.1038
71,0.1741,0.9319
72,0.1710,0.6737
73,0.2499,0.6813
74,0.1761,0.7694
75,0.2140,0.6557
76,0.1956,0.8835
77,0.1782,0.8956
78,0.1874,1.2805
79,0.1628,0.6568
80,0.1751,0.6439
81,0.1700,0.6820
82,0.1761,0.5393
83,0.3533,0.6610
84,0.1679,0.9709
85,0.1956,0.6919
86,0.1679,1.5281
87,0.1731,0.6639
88,0.1802,0.6587
89,0.1915,0.9105
90,0.1669,0.6838
91,0.1925,0.7744
92,0.1731,0.9134
93,0.1618,0.7001
94,0.1853,0.6415
95,0.1659,0.7894
96,0.1853,0.5588
97,0.1987,0.7121
98,0.1935,0.9035
99,0.1935,1.1281
100,0.1997,0.6624
101,0.2140,0.8741
102,0.2017,0.7403
103,0.7823,0.7031
104,0.1997,1.1942
105,1.1254,0.9571
106,0.2028,1.5097
107,0.1935,0.7786
108,0.1782,0.6911
109,0.5366,0.7309
110,0.6052,1.1455
111,0.2058,1.4078
112,0.1700,0.6617
113,0.1772,0.5468
114,0.2007,0.7433
115,0.1679,0.6688
116,0.3656,0.6192
117,0.1761,0.9251
118,0.1997,1.0578
119,0.1628,0.7159
120,0.2427,0.6468
121,0.1823,0.7734
122,0.1915,0.6594
123,0.3686,0.6854
124,0.1833,0.8886
125,1.1223,0.6932
126,0.1751,1.6355
127,0.1772,0.6709
128,0.1997,0.6504
129,0.6062,0.7347
130,0.2120,1.0884
131,0.1597,1.0922
132,0.2560,0.6983
133,0.1679,0.7843
134,0.2550,0.6415
135,0.1751,0.7866
136,0.4352,0.6984
137,0.1823,0.9013
138,0.1935,1.0207
139,0.1690,0.7552
140,0.1720,0.6406
141,0.1802,0.6533
142,0.1782,0.7099
143,0.1853,0.6640
144,0.1792,0.6938
145,0.1843,0.7315
146,0.1946,0.7970
147,0.1915,1.2236
148,0.1761,0.6848
149,0.1833,0.6502
150,0.1792,0.6795
151,0.1741,0.6577
152,0.1782,0.6869
153,0.1812,0.9897
154,0.1659,0.8704
155,0.1843,0.6943
156,0.1874,0.8744
157,0.1843,0.9791
158,0.2007,0.6935
159,0.6226,1.0440
160,0.4219,1.2688
161,0.2314,0.8090
162,0.2048,0.8139
163,0.1761,0.6820
164,0.2161,0.5478
165,0.1782,0.8633
166,0.5980,0.6919
167,0.1741,1.5335
168,0.1915,0.6793
169,0.1946,0.7088
170,0.1792,0.6790
171,0.1792,0.6417
172,0.1925,0.5327
173,0.1956,0.6999
174,0.1925,1.0072
175,0.1853,0.6720
176,0.1874,0.6653
177,0.1741,0.6743
178,0.3123,0.9399
179,0.4506,0.7081
180,0.1864,0.9006
181,0.1751,1.5471
182,0.1792,0.6736
183,0.1853,0.6728
184,0.2099,0.6601
185,0.1997,1.8902
186,0.1925,1.5733
187,0.4260,0.7644
188,0.1894,0.8225
189,0.1772,0.6366
190,0.3860,0.7680
191,0.1751,0.8367
192,0.1720,1.5664
193,0.1731,0.6505
194,0.1700,0.6064
195,0.1659,0.6341
196,0.2980,0.6271
197,0.4844,0.7623
198,0.1751,0.9315
199,0.1710,1.1779
200,0.1710,0.6280
201,0.2038,0.6309
202,0.1751,0.6755
203,0.1690,0.6232
204,0.1935,0.7414
205,0.1772,0.5123
206,0.1853,1.6649
207,0.3840,0.8866
208,0.2519,0.7851
209,0.2427,0.7580
210,0.1577,1.0042
211,0.1874,0.6543
212,0.1710,1.4491
213,0.1690,0.6250
214,0.1710,0.6387
215,0.1812,0.6378
216,0.1833,0.6185
217,0.1608,0.6430
218,1.2196,0.6255
219,0.1987,1.7281
220,0.1669,0.7762
221,0.1690,0.6125
222,0.2488,0.6447
223,0.2501,0.7207
224,0.3779,0.7117
225,0.1853,0.7265
226,0.1802,1.7109
227,0.2550,0.6574
228,0.1812,0.7230
229,0.1853,0.6274
230,0.1833,0.6490
231,0.8172,0.8099
232,0.2529,1.1373
233,0.1720,1.0882
234,0.1812,0.6409
235,0.1741,0.6446
236,0.1874,0.6273
237,0.1802,0.6441
238,0.9953,0.7168
239,0.1792,1.4893
240,0.2447,0.8164
241,0.1710,0.7367
242,0.1731,0.6191
243,0.1956,0.6345
244,0.1946,0.8804
245,0.1987,0.7667
246,0.2028,1.5524
247,0.1731,0.7177
248,0.1761,0.6276
249,0.1772,0.6258
250,0.1751,0.6494
251,0.1833,0.7165
252,0.1761,0.7521
253,0.1761,1.5899
254,0.1741,0.6281
255,0.1710,0.6359
256,0.1741,0.6362
257,0.3379,0.6198
258,0.1864,0.8194
259,0.7547,0.7446
260,0.1741,1.5615
261,0.1976,0.6492
262,0.1710,0.6510
263,0.2314,0.9098
264,0.1741,0.6253
265,0.7619,0.6982
266,0.1823,1.7214
267,0.1720,0.6620
268,0.1772,0.6165
269,0.1843,0.6372
270,0.1751,0.6395
271,0.1802,0.6335
272,0.5673,0.5342
273,0.1751,1.6902
274,0.1710,0.6466
275,0.1905,0.6247
276,0.1802,0.6392
277,0.1812,0.6218
278,0.1741,0.6605
279,1.2093,0.6402
280,0.1741,1.7099
281,0.1915,0.6773
282,0.1761,0.5771
283,0.1761,0.6376
284,0.1772,0.6325
285,0.1884,0.6337
286,0.6308,0.7864
287,0.1843,1.5638
288,0.1823,0.6616
289,0.1772,0.6541
290,0.1833,0.6203
291,0.1803,0.6570
292,0.1741,0.6259
293,1.0506,0.7760
294,0.1935,1.7000
295,0.1812,0.6599
296,0.1761,0.6360
297,0.1864,0.7141
298,0.1884,0.6353
299,0.1853,0.6354
300,0.1894,0.6077
301,0.1935,1.5259
302,0.1710,0.6864
303,0.1853,0.5956
304,0.1761,0.6467
305,0.1853,0.6354
306,0.1946,0.6582
307,0.7885,0.8682
308,0.1772,1.5220
309,0.1812,0.6565
310,0.1905,0.6293
311,0.1874,0.6360
312,0.1751,0.6613
313,0.1874,0.6196
314,0.6482,0.7886
315,0.2109,1.6203
316,0.2048,0.9905
317,0.2540,0.5689
318,0.2058,0.7296
319,0.2058,0.7363
320,0.2089,0.9486
321,0.6820,0.6733
322,0.2673,1.5524
323,0.1905,0.7876
324,0.2253,0.6500
325,0.1772,0.7187
326,0.2171,0.7172
327,1.1233,0.5308
328,0.3707,1.7856
329,0.2857,0.8453
330,0.4403,0.9270
331,0.3164,0.9144
332,0.7916,0.8883
333,0.1976,1.2047
334,0.1864,1.0418
335,0.1874,0.6379
336,0.1802,0.6515
337,0.2089,0.6422
338,0.1843,0.7436
339,0.6554,1.5771
340,0.1833,3.0030
341,0.2612,0.5642
342,0.1935,0.7787
343,0.1874,0.5394
344,0.1833,1.5151
345,0.1853,0.6699
346,0.1823,0.6434
347,0.1905,0.6491
348,0.1864,0.6666
349,0.1987,0.9342
350,0.1894,0.5822
351,0.1792,1.3544
352,0.1772,0.6673
353,0.1802,0.6390
354,0.2150,0.6302
355,0.2324,0.8777
356,0.1802,0.6933
357,0.2642,0.5587
358,0.2744,1.7253
359,0.1802,0.7881
360,0.1731,0.6438
361,0.1997,0.6718
362,0.2939,0.5166
363,0.1864,0.7519
364,0.2796,0.6778
365,0.2028,1.5244
366,0.1802,0.6525
367,0.1792,0.6443
368,0.1864,0.6381
369,0.3113,0.8042
370,0.1884,0.6793
371,0.1802,0.6343
372,0.1792,1.4807
373,0.2028,0.6506
374,0.1905,0.8062
375,0.1802,0.5214
376,0.4639,0.6272
377,0.8161,0.9714
378,0.1864,1.3275
379,0.1905,0.9541
380,0.1853,0.6562
381,0.2693,0.6663
382,0.1782,0.7762
383,0.1823,0.5939
384,1.0813,0.7606
385,0.1812,1.7289
386,0.1925,0.6595
387,0.1966,0.7086
388,0.1966,0.5258
389,0.1843,0.6483
390,0.2068,0.7806
391,0.6093,0.6000
392,0.2847,1.6045
393,0.1802,0.8664
394,0.1833,0.6395
395,0.1874,0.6356
396,0.1946,0.6880
397,0.1853,0.7972
398,0.2918,0.6511
399,0.2652,1.6232
400,0.1987,0.8311
401,0.1843,0.6708
402,0.1843,0.6648
403,0.1772,0.6293
404,0.8653,0.6368
405,0.1915,1.3568
406,0.2755,1.1763
407,0.1812,0.7344
408,0.1792,0.6530
409,0.2836,0.6478
410,0.7895,0.8212
411,0.1823,1.2718
412,0.1802,0.9893
413,0.1792,0.6344
414,0.1935,0.6370
415,0.1823,0.6739
416,0.2580,0.6679
417,0.1987,0.7240
418,0.2140,0.6703
419,0.1843,1.5485
420,0.1874,0.6593
421,0.1976,0.6374
422,0.1782,0.6505
423,0.3011,0.6611
424,0.9697,0.9244
425,0.1833,1.7495
426,0.1935,0.6474
427,0.2079,0.6838
428,0.1894,0.6384
429,0.3881,0.6472
430,0.2703,0.9065
431,0.7137,0.7552
432,0.2662,1.6067
433,0.2642,0.8026
434,0.2765,0.7460
435,0.3543,0.8115
436,0.4485,0.7891
437,0.2079,0.9108
438,0.2109,1.5006
439,0.2058,0.6550
440,0.2171,0.7603
441,0.2406,0.6233
442,0.2007,0.9197
443,1.0824,0.7092
444,0.1935,1.6595
445,0.2130,0.5816
446,0.2058,0.7426
447,0.1997,0.6816
448,0.1874,0.8110
449,0.2017,0.7277
450,0.1946,0.6666
451,0.2089,1.6556
452,0.1843,0.6715
453,0.1690,0.6308
454,0.1853,0.5811
455,0.2007,0.6132
456,0.1946,0.8472
457,0.6287,0.6705
458,0.3328,1.8048
459,0.1997,0.8159
460,0.2509,0.8547
461,0.1894,0.5994
462,0.8346,0.8298
463,0.3338,1.3514
464,0.2109,1.3852
465,0.2058,0.9118
466,0.1782,0.5634
467,0.2058,0.8437
468,1.0537,0.8096
469,0.1905,1.6433
470,0.2191,0.7469
471,0.2140,0.6773
472,0.2243,0.6371
473,0.2294,0.8148
474,0.5346,0.7416
475,0.2089,1.0651
476,0.2171,0.6663
477,0.2273,0.7628
478,0.2621,0.8325
479,0.2089,0.6964
480,0.2079,0.8399
481,0.2171,0.8702
482,0.2263,1.1663
483,0.2140,1.3428
484,0.2058,0.9802
485,0.3328,0.9136
486,0.5202,1.0153
487,0.2058,1.3674
488,0.2191,0.6697
489,0.1956,0.7394
490,0.2611,0.7933
491,0.2243,0.8040
492,0.2437,1.0112
493,0.2294,0.6422
494,0.2089,1.1445
495,0.1894,0.9289
496,0.2007,0.8131
497,0.2028,0.8371
498,0.1946,0.6535
499,0.2130,1.0038
500,0.2335,1.8578
501,0.4065,0.7336
502,0.2007,0.9610
503,0.4311,0.7521
504,0.2089,1.1569
505,0.1966,0.7771
506,0.2028,1.2437
507,0.1894,0.7240
508,0.2222,0.5489
509,0.2028,0.8757
510,0.4710,0.6653
511,0.1966,1.0543
512,0.1935,0.8938
513,0.2355,0.8750
514,0.2068,0.6993
515,0.2089,0.5215
516,0.2079,0.6716
517,0.3922,0.6819
518,0.2304,0.7680
519,0.2273,1.0400
520,0.2109,0.8518
521,0.2028,0.6840
522,0.2017,0.6682
523,0.2048,0.6635
524,0.1915,0.6725
525,0.1935,0.8228
526,0.2028,0.6282
527,0.1956,0.8351
528,0.1946,0.6573
529,0.1905,0.6853
530,0.1884,0.6414
531,0.2468,0.7170
532,0.2191,0.6880
533,0.5622,0.8346
534,0.2007,0.9027
535,0.2038,0.6684
536,0.1987,0.6763
537,0.1976,0.6730
538,0.2007,0.6727
539,0.3461,0.8942
540,0.6431,0.7231
541,0.2130,1.0052
542,0.1905,1.4927
543,0.1946,0.6716
544,0.1884,0.6535
545,0.1997,0.6515
546,0.1987,0.7888
547,0.2079,0.5262
548,0.2150,0.9313
549,0.1884,0.6720
550,0.2345,0.6680
551,0.2550,0.7331
552,0.2089,0.7745
553,0.3564,0.7168
554,0.5356,0.7159
555,0.1894,0.9900
556,0.1935,0.6649
557,0.1966,0.6564
558,0.1884,0.6479
559,0.2058,0.6638
560,0.1874,1.0925
561,0.1843,0.4986
562,0.5304,0.5997
563,0.2099,1.0025
564,0.1976,0.6988
565,0.1853,0.6575
566,0.1884,0.6378
567,0.2683,0.6461
568,0.1925,0.7367
569,0.1925,0.7844
570,0.2028,0.5621
571,0.1997,0.9400
572,0.1925,0.6601
573,0.1884,0.8723
574,0.1966,0.5953
575,0.1976,0.7013
576,0.2212,0.5607
577,0.2028,0.8611
578,0.7127,0.5781
579,0.2673,1.6785
580,0.2058,0.8079
581,0.2734,0.6903
582,0.5417,0.8509
583,0.5356,0.9769
584,0.2673,1.0421
585,0.2028,0.7447
586,0.2028,0.6873
587,0.1935,0.6495
588,0.1966,0.6556
589,0.1915,0.6684
590,0.1874,0.6379
591,0.2017,0.7097
592,0.2683,0.9177
593,0.1894,0.9431
594,0.1925,0.6539
595,0.1884,0.6560
596,0.2089,0.6397
597,0.3195,0.6802
598,0.5222,0.8004
599,0.3133,0.9805
600,0.2161,1.2635
601,0.2120,0.5691
602,0.2028,0.6960
603,0.2130,0.7061
604,0.1987,0.6184
605,0.1894,0.8281
606,0.1843,0.8684
607,0.1925,0.6651
608,0.1915,0.6606
609,0.1966,0.6602
610,0.1946,0.6604
611,0.1853,0.6464
612,0.2007,0.6448
613,0.2222,0.7934
614,0.1925,0.9370
615,0.1894,0.7137
616,0.1925,0.6149
617,0.1966,0.6660
618,0.1905,0.6565
619,0.2099,0.6438
620,0.1874,0.6597
621,0.7844,0.7766
622,0.1956,1.2371
623,0.2703,1.0456
624,0.1966,0.7231
625,0.1894,0.6664
626,0.1966,0.6582
627,0.2017,0.7903
628,0.2079,0.5579
629,0.1935,0.9651
630,0.1956,0.6562
631,0.1894,0.6515
632,0.1894,0.6680
633,0.2038,0.6888
634,0.1946,0.6740
635,0.3369,0.4876
636,0.2048,0.7944
637,0.1976,0.9184
638,0.1925,0.6853
639,0.2161,0.6703
640,0.2017,0.6796
641,0.2273,0.6804
642,0.3328,0.7258
643,0.2140,0.9057
644,0.2161,0.5881
645,0.2109,0.8163
646,0.1915,0.6883
647,0.2099,0.6530
648,0.2079,0.6801
649,0.1874,0.7009
650,0.3748,0.6221
651,0.2058,0.9953
652,0.2089,0.9780
653,0.2406,0.6642
654,0.2243,0.7284
655,0.2120,0.6846
656,0.2191,0.7271
657,0.2478,0.7355
658,0.5581,0.8159
659,0.2007,1.1472
660,0.2284,0.6282
661,0.1976,0.5711
662,0.2007,0.6532
663,0.2099,0.6673
664,0.2120,0.7204
665,0.2222,0.6408
666,0.5837,0.7905
667,0.2038,1.6041
668,0.2120,0.7028
669,0.1874,0.6698
670,0.2017,0.6429
671,0.3236,0.7057
672,0.5366,0.7932
673,0.2089,0.9742
674,0.2109,0.7361
675,0.2079,0.6783
676,0.1987,0.6822
677,0.2038,0.6815
678,0.2304,0.6578
679,0.1997,0.7815
680,0.1987,0.7125
681,0.2253,2.7359
682,0.2099,0.7375
683,0.2028,0.6376
684,0.2038,0.6204
685,0.5263,0.6905
686,0.2058,1.0056
687,0.1966,0.7072
688,0.2079,0.6482
689,0.2355,0.5407
690,0.2109,0.7577
691,0.2079,0.5524
692,0.2079,0.7063
693,0.1997,0.7600
694,0.1946,0.8647
695,0.2273,0.7283
696,0.2304,0.7082
697,0.2816,0.7001
698,0.1864,0.7471
699,0.4280,0.6518
700,0.2171,0.9810
701,0.2068,0.6935
702,0.2079,1.5186
703,0.2130,0.6892
704,0.1905,0.7108
705,0.2007,0.6558
706,0.1843,0.7420
707,0.5335,0.6823
708,0.1905,0.9873
709,0.1915,0.6674
710,0.2765,0.7537
711,0.3686,0.8552
712,0.2570,0.9187
713,0.2191,0.7265
714,0.5356,0.6719
715,0.2161,0.9970
716,0.2068,0.8326
717,0.2140,0.7151
718,0.2099,0.7094
719,0.1946,0.6909
720,0.2324,0.6465
721,0.5304,0.8804
722,0.2386,0.9690
723,0.2058,0.9002
724,0.2109,0.5404
725,0.2038,0.7226
726,0.2294,0.6779
727,0.2560,0.7047
728,0.2058,0.7474
729,0.2140,0.6599
730,0.2017,0.8239
731,0.2007,0.5353
732,0.2191,0.6631
733,0.2007,0.6930
734,0.2171,0.6685
735,0.2017,0.6875
736,0.2038,0.8087
737,0.2068,0.6488
738,0.2058,0.9794
739,0.1843,0.5583
740,0.2079,0.6486
741,0.2202,0.6900
742,0.1925,0.6778
743,0.3430,0.6640
744,0.2273,1.0157
745,0.2161,0.5899
746,0.2007,1.6768
747,0.2017,0.6680
748,0.2836,0.6770
749,0.2007,0.7259
750,0.2079,0.6434
751,0.5448,0.6531
752,0.2017,0.9832
753,0.1987,0.7085
754,0.1966,0.6502
755,0.2007,0.6464
756,0.2017,0.6522
757,0.1976,0.6748
758,0.3092,0.7796
759,0.2007,0.8750
760,0.1976,0.8990
761,0.2161,0.6697
762,0.1987,0.6569
763,0.2079,0.6914
764,0.2007,0.7035
765,0.2437,0.6672
766,0.2007,0.6289
767,0.2140,0.6458
768,0.2038,1.0282
769,0.1956,0.6878
770,0.1997,0.6293
771,0.1874,0.6984
772,0.1956,0.6696
773,0.1915,0.6481
774,0.2560,0.7605
775,0.2028,0.9343
776,0.1966,0.6776
777,0.1966,0.6362
778,0.1884,0.6649
779,0.2724,0.6402
780,0.2017,0.7220
781,0.2068,0.8154
782,0.2099,0.5327
783,0.2099,0.9525
784,0.2038,0.6694
785,0.2181,0.6443
786,0.2140,0.7786
787,0.1997,0.6114
788,0.1966,0.6503
789,0.8151,0.7390
790,0.1915,1.4051
791,0.1884,0.9940
792,0.2253,0.6440
793,0.2007,0.6770
794,0.2017,0.5501
795,0.3062,0.6589
796,0.5294,0.7896
797,0.1946,0.9850
798,0.1956,0.7202
799,0.1987,0.6477
800,0.2038,0.6828
801,0.1935,0.6594
802,0.2150,0.6519
803,0.1915,0.6949
804,0.2191,0.6162
805,0.1884,0.9367
806,0.1905,0.6682
807,0.2109,0.6491
808,0.1915,0.6722
809,0.1905,0.6480
810,0.1894,0.6466
811,0.2028,0.6370
812,0.2867,0.8255
813,0.3113,1.0997
814,0.2109,0.8230
815,0.2028,0.6800
816,0.1905,0.6781
817,0.4260,0.5137
818,0.1987,0.8883
819,0.2017,0.7614
820,0.2038,0.8959
821,0.2140,0.6922
822,0.2028,0.5483
823,0.1997,0.6555
824,0.2017,0.6477
825,0.2058,0.6597
826,0.1966,0.6764
827,0.1956,0.7584
828,0.2099,1.5441
829,0.1905,0.6879
830,0.1987,0.6582
831,0.2140,0.6662
832,0.2038,0.6966
833,0.1946,0.6533
834,0.1956,0.7649
835,0.1864,0.9587
836,0.1915,0.6502
837,0.1874,0.6556
838,0.1956,0.6522
839,0.1864,0.6705
840,0.2017,0.6405
841,0.2970,0.6594
842,0.2284,0.7910
843,0.2038,0.8989
844,0.1946,0.6621
845,0.1956,0.6526
846,0.1966,0.6360
847,0.2017,0.6538
848,0.1966,0.6411
849,0.2099,0.6660
850,0.2171,0.7508
851,0.2529,0.8134
852,0.1956,0.5821
853,0.1976,0.5483
854,0.2028,0.6508
855,0.1987,0.6483
856,0.1976,0.6434
857,0.2038,0.6682
858,0.2857,0.7816
859,0.2212,1.0454
860,0.2028,0.7157
861,0.2744,0.6469
862,0.2847,0.8006
863,0.2079,0.7710
864,0.3144,0.8155
865,0.5284,0.6501
866,0.1976,0.9736
867,0.1966,0.7195
868,0.2765,0.6475
869,0.2038,0.8023
870,0.1874,0.6354
871,0.2089,0.6432
872,0.1935,0.6736
873,0.8407,0.9513
874,0.1966,1.4709
875,0.1946,0.6884
876,0.1956,0.6340
877,0.2785,0.6742
878,0.3430,0.8113
879,0.5560,0.7878
880,0.2028,1.1498
881,0.2038,0.5654
882,0.2232,0.6740
883,0.1966,0.6873
884,0.1915,0.6554
885,0.1894,0.6489
886,0.2171,0.6403
887,0.3707,0.8179
888,0.1935,1.0979
889,0.1915,0.6427
890,0.1915,0.6531
891,0.2028,0.6439
892,0.2161,0.8569
893,0.3195,0.6435
894,0.1976,0.6454
895,0.1956,0.8906
896,0.1905,0.6999
897,0.1935,0.6163
898,0.2017,0.6835
899,0.1894,0.6633
900,0.1905,0.6426
901,0.2980,0.6488
902,0.2017,0.7961
903,0.1915,0.8981
904,0.2007,0.6714
905,0.3246,0.7830
906,0.2191,0.7831
907,0.2038,0.6943
908,0.2048,0.6728
909,0.2161,0.6617
910,1.0250,0.7896
911,0.2591,1.8753
912,0.8223,0.8580
913,0.2243,1.2897
914,0.2232,0.6911
915,0.2970,0.9469
916,0.2273,1.0721
917,0.2058,0.6965
918,0.3471,0.6730
919,0.3512,0.8774
920,0.2038,0.8962
921,0.2150,0.8874
922,0.2253,0.5526
923,0.2099,0.9433
924,0.2744,0.7074
925,0.5069,0.9179
926,0.2273,0.9561
927,0.3471,0.6972
928,0.5990,0.9028
929,0.2202,1.1655
930,0.2243,0.7840
931,0.2161,0.6319
932,0.2406,0.8395
933,0.2181,0.6023
934,0.3942,0.7668
935,0.2089,0.9500
936,0.2181,0.9419
937,0.1956,0.7486
938,0.2140,0.6187
939,0.2273,0.7361
940,0.2243,0.6747
941,0.3697,0.7081
942,0.5448,0.9123
943,0.2068,1.0171
944,0.2877,0.6929
945,0.2140,0.7739
946,0.1966,0.6724
947,0.1946,0.6394
948,0.5018,0.6848
949,0.8192,0.9758
950,0.2079,1.3088
951,0.1976,0.9848
952,0.2243,0.6793
953,0.2068,0.7083
954,0.2273,0.6593
955,0.1864,0.7021
956,0.2324,0.7373
957,0.2150,0.9594
958,0.2181,0.6847
959,0.2714,0.6870
960,0.2181,0.7594
961,0.2304,0.6844
962,0.3082,0.6978
963,0.5376,0.8187
964,0.2253,1.0045
965,0.1905,0.7200
966,0.2120,0.6424
967,0.2007,0.6721
968,0.2017,0.6633
969,0.2253,0.6488
970,0.2120,0.7339
971,0.2857,0.7597
972,0.2109,1.0538
973,0.1925,0.7040
974,0.2150,0.6624
975,0.1935,0.7160
976,0.2130,0.6839
977,0.3103,0.6949
978,0.1976,0.7609
979,0.2826,0.8867
980,0.2140,0.8672
981,0.2273,0.6312
982,0.2171,0.7224
983,0.2437,0.6889
984,0.2099,0.7563
985,0.2099,0.7537
986,0.1976,0.5233
987,0.1884,1.6674
988,0.1997,0.6716
989,0.2345,0.6635
990,0.2007,0.8793
991,0.2273,0.6759
992,0.1966,0.6439
993,0.2171,0.6546
994,0.2048,1.0149
995,0.2068,0.6638
996,0.1894,0.6500
997,0.2755,0.6675
998,0.2089,0.7961
999,0.2109,0.6590
1000,0.2273,0.8077
1001,0.1905,0.9422
1002,0.2171,0.6752
1003,0.2929,0.8788
1004,0.2847,0.8133
1005,0.1997,0.7384
1006,0.2417,0.6742
1007,0.1976,0.8934
1008,0.1966,0.9061
1009,0.2048,0.6668
1010,0.2099,0.6589
1011,0.1976,0.6822
1012,0.2028,0.6359
1013,0.1935,0.6669
1014,0.2140,0.7707
1015,0.2253,0.5495
1016,0.1997,0.9701
1017,0.1997,0.6724
1018,0.2028,0.6670
1019,0.1987,0.6370
1020,0.3052,0.6769
1021,0.2171,0.6800
1022,0.2324,0.8158
1023,0.1987,2.5449
1024,0.2161,0.6849
1025,0.1935,0.5791
1026,0.1925,0.6471
1027,0.2028,0.6633
1028,1.1878,0.7989
1029,0.1987,1.6476
1030,0.2089,0.8777
1031,0.1884,0.5364
1032,0.1905,0.6412
1033,0.2171,0.6477
1034,0.2028,0.8394
1035,0.2099,0.6616
1036,0.2304,0.8028
1037,0.1946,0.6883
1038,0.2028,0.6577
1039,0.1884,0.6603
1040,0.2089,0.6498
1041,0.1905,0.6438
1042,0.1987,0.5067
1043,0.2058,0.7368
1044,0.1997,1.0023
1045,0.2017,0.6690
1046,0.1925,0.6537
1047,0.1956,0.6389
1048,0.1925,0.6536
1049,0.1956,0.6473
1050,0.1935,0.7561
1051,0.1997,0.6359
1052,0.2202,0.8992
1053,0.1894,0.7284
1054,0.1946,0.6089
1055,0.1946,0.6909
1056,0.1925,0.6136
1057,0.2068,0.6430
1058,0.2017,0.7934
1059,0.3000,0.6694
1060,0.1925,1.1054
1061,0.1915,0.5931
1062,0.1976,0.6626
1063,0.2028,0.6491
1064,0.2130,0.6563
1065,0.3574,0.7003
1066,0.1997,0.6968
1067,0.1905,0.6501
1068,0.1925,0.9071
1069,0.1966,0.6465
1070,0.1935,0.6489
1071,0.1935,0.6425
1072,0.1966,0.6460
1073,0.3328,0.6531
1074,0.5550,0.7960
1075,0.2089,1.0619
1076,0.1925,1.1762
1077,0.1966,0.6587
1078,0.2099,0.6489
1079,0.1987,0.6662
1080,0.1987,0.6597
1081,0.2703,0.8890
1082,0.2038,1.0617
1083,0.2232,0.6659
1084,0.2150,0.6860
1085,0.2079,0.7011
1086,0.1935,0.7486
1087,0.3164,0.6569
1088,0.2038,0.7658
1089,0.2058,0.6694
1090,0.1997,0.9302
1091,0.1935,0.6624
1092,0.1925,0.6590
1093,0.2007,0.6460
1094,0.2232,0.6396
1095,0.2140,0.7412
1096,0.5581,0.8612
1097,0.2120,1.0460
1098,0.2990,0.6779
1099,0.1935,0.7750
1100,0.2273,0.6868
1101,0.2130,0.6412
1102,0.5437,0.6702
1103,0.5233,1.0771
1104,0.2058,0.9755
1105,0.2048,0.8951
1106,0.2161,0.6285
1107,0.2089,0.7159
1108,0.1915,0.6389
1109,0.3523,0.6887
1110,0.2048,0.8375
1111,0.8970,0.6653
1112,0.2406,1.8312
1113,0.2150,0.7601
1114,0.2273,0.6775
1115,0.2068,0.6924
1116,0.2089,1.0704
1117,0.2345,0.6558
1118,0.1946,0.9930
1119,0.2509,0.7303
1120,0.2417,0.6269
1121,0.2150,0.7828
1122,0.2621,0.7888
1123,0.2150,0.8204
1124,0.2253,1.0983
1125,0.2038,0.8993
1126,0.2324,0.7867
1127,0.2273,0.6690
1128,0.2079,0.7257
1129,0.2796,0.7568
1130,0.2120,1.0372
1131,0.2304,1.1546
1132,0.2324,1.0880
1133,0.2632,0.9388
1134,0.2478,0.9660
1135,0.2284,1.2040
1136,0.2171,1.0076
1137,0.1864,0.7965
1138,0.2191,0.8265
1139,0.2212,0.8978
1140,0.2130,0.8924
1141,0.2263,1.0332
1142,0.2273,0.9317
1143,0.2775,0.9082
1144,0.2949,0.8076
1145,0.2324,1.1666
1146,0.4147,1.5569
1147,0.2202,0.8804
1148,0.2263,1.4671
1149,0.2437,0.7619
1150,0.2580,1.1142
1151,0.2304,0.9726
1152,0.8581,1.1217
1153,0.1956,1.5516
1154,0.2212,0.8197
1155,0.2478,0.9998
1156,0.2365,1.1544
1157,0.2253,1.3071
1158,0.2826,0.9802
1159,0.2365,1.1351
1160,0.2417,0.8964
1161,0.6892,0.8415
1162,0.5499,1.1497
1163,0.2417,1.6246
1164,0.2273,0.7576
1165,0.3451,0.6150
1166,0.2253,0.9418
1167,0.5222,0.8690
1168,0.2150,1.2699
1169,0.2355,0.6018
1170,0.2150,0.7235
1171,0.2191,0.6972
1172,0.2314,0.6854
1173,0.2417,0.6779
1174,0.2355,0.8145
1175,0.5929,1.1422
1176,0.2243,1.4444
1177,0.2263,0.7529
1178,0.2222,0.7354
1179,0.2202,0.7127
1180,0.8878,1.0353
1181,0.2007,1.2699
1182,0.1997,0.6703
1183,0.2263,0.6604
1184,0.2294,0.7671
1185,0.2202,0.7267
1186,0.2079,0.6156
1187,0.5396,0.8064
1188,0.2079,0.9967
1189,0.2191,0.7087
1190,0.1946,0.7091
1191,0.2150,0.6668
1192,0.2243,0.7679
1193,0.2939,0.7076
1194,0.2089,0.7613
1195,0.1976,0.6794
1196,0.2376,0.6349
1197,0.2068,0.8902
1198,0.2191,0.6780
1199,0.2294,0.7505
1200,0.2294,0.7746
1201,0.5345,0.9484
1202,0.2079,1.1786
1203,0.2120,1.0039
1204,0.2243,0.6782
1205,0.2294,0.8325
1206,0.2079,1.0140
1207,0.2273,1.4250
1208,0.2232,1.2491
1209,0.2580,0.9830
1210,0.2140,1.0536
1211,0.2253,0.7768
1212,0.2161,1.1517
1213,0.5612,0.6595
1214,0.2232,1.0315
1215,0.2427,0.8409
1216,0.2396,0.6531
1217,0.2150,0.8258
1218,0.2007,0.6316
1219,0.2345,0.6323
1220,0.5632,0.9299
1221,0.2335,1.2516
1222,0.2028,0.8109
1223,0.2365,0.6631
1224,0.2284,0.6725
1225,0.7188,0.8707
1226,0.6083,1.2597
1227,0.2376,3.1265
1228,0.2273,1.0678
1229,0.2386,1.0475
1230,0.2212,1.2870
1231,0.7250,1.1014
1232,0.2191,1.2043
1233,0.2376,0.6472
1234,0.2406,0.7394
1235,0.2284,0.8961
1236,0.2243,0.6620
1237,0.2765,1.1073
1238,0.2202,0.7737
1239,0.2222,0.7083
1240,0.2908,0.9321
1241,0.8059,1.5101
1242,0.2253,1.3614
1243,0.2130,0.6942
1244,0.2212,0.6708
1245,0.2406,0.7195
1246,0.2222,0.7297
1247,0.2406,0.8873
1248,0.9021,0.7382
1249,0.3318,1.5557
1250,0.2202,0.8830
1251,0.2734,0.6257
1252,0.1935,0.7576
1253,0.2284,0.6404
1254,0.5919,0.8590
1255,0.2304,1.0542
1256,0.3502,1.2497
1257,0.3133,0.9596
1258,0.2191,0.7731
1259,0.3277,1.1834
1260,0.2253,0.8261
1261,0.2222,0.9813
1262,0.2161,0.7162
1263,0.2181,0.6996
1264,0.2089,0.7040
1265,0.4198,0.6782
1266,0.5745,0.9320
1267,0.8110,1.0750
1268,0.2304,1.7776
1269,0.2253,0.7286
1270,0.2355,1.0628
1271,0.2202,0.7984
1272,0.6103,0.5995
1273,0.2253,1.2671
1274,0.2171,1.3440
1275,0.2007,0.5611
1276,0.2140,0.7050
1277,0.2212,0.6787
1278,0.5929,0.7811
1279,0.4536,1.2677
1280,0.2263,1.3929
1281,0.3103,1.0903
1282,0.3676,0.6578
1283,0.5765,0.8497
1284,0.2181,1.0185
1285,0.2007,0.6862
1286,0.2079,0.6723
1287,0.2089,0.6727
1288,0.2212,0.6971
1289,0.4229,1.0585
1290,0.2324,0.9815
1291,0.2150,1.1056
1292,0.1987,0.6995
1293,0.2273,0.7350
1294,0.2161,0.5874
1295,0.2386,0.7088
1296,0.4004,0.5640
1297,0.2191,0.9796
1298,0.2396,0.6767
1299,0.2908,1.0624
1300,0.2529,1.3592
1301,0.2202,0.8143
1302,0.4301,0.7904
1303,0.2273,0.9572
1304,0.2478,1.7954
1305,0.2458,1.1451
1306,0.2212,0.6502
1307,0.2120,0.7688
1308,0.2427,0.6322
1309,0.2212,0.7427
1310,0.6984,0.7163
1311,0.2273,1.8463
1312,0.2335,0.7568
1313,0.2243,0.6691
1314,0.2284,0.7200
1315,0.6564,0.9004
1316,0.2345,1.1569
1317,0.2202,1.4506
1318,0.2478,0.8017
1319,0.2243,0.8560
1320,0.2591,0.8853
1321,0.2365,0.7240
1322,0.2324,0.8183
1323,0.2181,1.4467
1324,0.2243,0.7793
1325,0.4424,1.0312
1326,0.2335,0.8897
1327,1.1715,0.7407
1328,0.2232,1.9979
1329,0.2396,0.6779
1330,0.2324,1.0122
1331,0.2294,0.9461
1332,0.2212,1.3387
1333,0.2253,0.9682
1334,0.2284,0.7948
1335,0.2150,0.6688
1336,0.2222,0.7860
1337,0.2140,0.5864
1338,0.2181,0.7395
1339,0.2324,0.6848
1340,0.2478,1.7032
1341,0.2365,0.7332
1342,0.5079,1.3720
1343,0.4710,1.0733
1344,0.2314,1.0233
1345,0.3052,1.9003
1346,0.2222,0.7259
1347,0.2365,1.2322
1348,0.2386,0.9728
1349,0.2570,2.0713
1350,0.2191,0.6209
1351,0.2181,1.1871
1352,0.2140,0.7147
1353,0.2376,0.6239
1354,0.2140,1.3636
1355,0.2345,1.1099
1356,0.2191,0.7595
1357,0.2212,0.7195
1358,0.2120,0.7715
1359,0.2243,0.8674
1360,1.1489,0.7053
1361,0.2253,1.9361
1362,0.2140,0.7495
1363,0.2427,1.0901
1364,0.2867,3.4151
1365,0.2202,0.9477
1366,0.2243,0.5625
1367,0.2253,0.7373
1368,0.9073,1.4265
1369,0.2406,1.7777
1370,0.2447,1.3631
1371,0.2488,0.7868
1372,0.2232,0.8409
1373,0.2345,0.6722
1374,0.2345,1.3328
1375,0.2222,0.5946
1376,0.2243,0.9617
1377,0.2109,0.8006
1378,0.6779,1.0231
1379,0.8049,1.3719
1380,0.2263,1.7257
1381,0.2396,1.0942
1382,0.7557,0.8532
1383,0.5263,1.1965
1384,0.2314,1.3244
1385,0.2120,0.5751
1386,0.2499,0.6918
1387,0.2294,0.7574
1388,0.2273,0.5733
1389,0.2140,0.5718
1390,0.5274,0.8800
1391,0.2150,1.1655
1392,0.2580,1.2762
1393,0.2324,1.2118
1394,0.8049,0.9080
1395,0.2918,1.2580
1396,0.2099,1.0907
1397,0.1987,0.6793
1398,0.2161,0.6532
1399,0.2396,0.6948
1400,0.2406,0.7266
1401,0.2345,0.7655
1402,0.2816,1.0377
1403,0.2345,0.6692
1404,0.2038,1.3260
1405,0.2294,0.7418
1406,0.2058,0.6054
1407,0.2089,0.6475
1408,0.2058,0.7857
1409,0.6093,0.6768
1410,0.2263,1.3121
1411,0.2038,1.2898
1412,0.2007,0.6453
1413,0.1966,0.6689
1414,0.2130,0.6874
1415,1.1715,0.6308
1416,0.2202,1.8483
1417,0.2191,0.8908
1418,0.2058,0.6066
1419,0.3062,0.6608
1420,0.2263,1.2088
1421,1.2452,0.5744
1422,0.2130,1.7312
1423,0.2284,0.7059
1424,0.2120,1.0064
1425,0.2314,0.5943
1426,0.3318,0.9911
1427,0.2253,0.8209
1428,0.2427,0.7078
1429,0.2396,1.3521
1430,0.2324,0.6929
1431,0.7209,1.1744
1432,0.2284,1.2177
1433,0.2089,0.7184
1434,0.2017,1.6797
1435,0.2038,0.6581
1436,0.2130,0.6423
1437,0.2089,0.8196
1438,0.2038,0.8106
1439,0.2437,0.6785
1440,0.2079,1.0153
1441,0.2304,0.6090
1442,0.6369,1.0073
1443,0.5407,1.0681
1444,0.8172,1.0790
1445,0.2324,1.2772
1446,0.2007,0.7881
1447,0.2570,0.6706
1448,0.2058,0.7524
1449,0.2458,0.6975
1450,0.2345,0.7287
1451,0.5519,0.9089
1452,0.2324,1.1019
1453,0.2048,1.3100
1454,0.2488,0.7003
1455,0.2304,0.8773
1456,0.2335,0.7332
1457,0.2488,1.0757
1458,0.2284,0.6713
1459,0.6339,1.8608
1460,0.6769,1.4090
1461,0.4823,1.3593
1462,0.8018,0.9004
1463,0.2550,2.3676
1464,0.2417,0.9885
1465,0.2959,1.1070
1466,1.0609,0.7694
1467,0.2949,1.8259
1468,0.2130,0.7548
1469,0.2468,0.6709
1470,0.5315,0.7622
1471,0.7485,2.3179
1472,0.2519,1.2335
1473,0.2109,1.6766
1474,0.2509,0.5903
1475,0.2386,0.8464
1476,0.7762,0.8294
1477,0.2212,1.7923
1478,0.2355,0.6949
1479,0.2509,0.7567
1480,0.3123,1.4209
1481,0.6021,1.1084
1482,0.2386,1.5506
1483,0.5018,1.2463
1484,0.2427,1.1540
1485,0.6400,0.7003
1486,0.2570,1.9382
1487,0.2376,0.6572
1488,0.2161,0.9113
1489,0.2284,0.9784
1490,0.5315,0.7586
1491,0.2294,1.0124
1492,0.2365,1.7679
1493,0.2335,0.6133
1494,0.2202,0.6956
1495,0.2376,0.6892
1496,0.5396,0.7337
1497,0.2591,1.0348
1498,0.2580,1.3702
1499,0.5110,0.7394
1500,0.9062,0.9674
1501,0.9175,1.5508
1502,0.2427,1.4555
1503,0.2550,1.0566
1504,0.4854,0.9553
1505,0.7578,1.1797
1506,0.2345,1.4925
1507,0.3215,0.7756
1508,0.5222,0.8644
1509,0.2632,1.1509
1510,0.2621,0.6760
1511,0.2365,0.7379
1512,0.2376,1.0495
1513,0.7660,1.4911
1514,0.2621,1.5887
1515,0.2714,0.6214
1516,0.2355,1.0176
1517,0.8253,0.7219
1518,0.2150,1.2019
1519,0.2355,1.6800
1520,0.2232,0.6385
1521,0.4198,0.7068
1522,0.2642,1.1259
1523,0.6461,0.9959
1524,0.2109,1.7497
1525,0.2437,0.8407
1526,0.2529,0.6893
1527,0.2120,0.9095
1528,0.2099,0.8133
1529,0.2253,1.5468
1530,0.3072,0.6490
1531,0.2970,1.0702
1532,0.2355,1.3139
1533,0.5417,1.0233
1534,0.2458,1.5895
1535,0.2253,0.5942
1536,0.2386,0.7313
1537,0.2222,0.7853
1538,0.2478,1.1167
1539,0.4106,0.6301
1540,0.7127,1.2788
1541,0.2120,1.2980
1542,0.2273,0.6370
1543,0.2171,1.1157
1544,0.7270,0.7237
1545,0.2161,1.4026
1546,0.6554,1.0237
1547,0.2437,1.2287
1548,0.2570,0.6717
1549,0.2120,1.0778
1550,0.3748,0.7738
1551,0.4823,1.5427
1552,0.3502,1.0107
1553,0.2959,1.3042
1554,0.5755,0.9404
1555,0.3052,1.4020
1556,0.2038,0.7463
1557,0.2171,0.6524
1558,0.2161,0.7427
1559,0.4065,1.3119
1560,0.2488,0.9470
1561,0.2345,1.1576
1562,0.2171,1.2188
1563,0.2591,0.7979
1564,0.2744,0.8771
1565,0.2396,1.1527
1566,0.7004,0.9111
1567,0.3103,1.8464
1568,0.2171,1.3141
1569,0.3686,0.8861
1570,0.2202,0.7478
1571,0.7137,0.8415
1572,0.6226,1.8231
1573,0.2488,1.5024
1574,0.3082,0.7976
1575,0.2652,1.4720
1576,0.2335,1.1562
1577,0.2335,0.7124
1578,0.2273,0.7725
1579,0.4659,2.2912
1580,0.2673,1.2492
1581,0.3983,1.0521
1582,0.2120,1.5130
1583,0.2427,0.6969
1584,0.2294,0.8477
1585,0.7619,0.5870
1586,0.2120,2.3350
1587,0.2243,0.5799
1588,0.2181,1.0949
1589,0.2171,0.8049
1590,0.7055,1.1562
1591,0.2028,1.4235
1592,0.2396,1.1483
1593,0.2048,0.6724
1594,0.2068,0.6497
1595,0.6339,1.0272
1596,0.2324,1.2858
1597,0.2355,1.0058
1598,0.2396,0.6933
1599,0.2355,0.7028
1600,0.2130,0.8626
1601,0.2417,0.7997
1602,0.3123,0.7760
1603,0.2324,1.4293
1604,0.3451,1.0793
1605,0.5704,1.3191
1606,0.7475,1.8970
1607,0.3082,1.7536
1608,0.2488,1.5757
1609,0.2304,0.9107
1610,0.9523,0.6796
1611,0.2273,1.3623
1612,0.8315,1.3464
1613,0.2447,1.7227
1614,0.5745,0.7960
1615,0.3738,1.1047
1616,0.2673,1.8557
1617,0.2406,1.3017
1618,0.2918,0.9476
1619,0.2652,1.0832
1620,0.2888,1.6549
1621,0.2355,1.3412
1622,0.8315,2.6277
1623,0.7168,2.0834
1624,0.2294,2.2387
1625,0.2447,1.8665
1626,0.2478,1.3713
1627,1.0557,1.1356
1628,0.7823,2.2084
1629,0.2212,2.5635
1630,0.2447,0.8661
1631,0.2427,1.3061
1632,0.7772,1.5510
1633,0.2120,1.8542
1634,0.2294,0.9259
1635,0.5560,1.3787
1636,0.2335,1.9046
1637,0.2540,1.2665
1638,0.4106,1.4355
1639,0.7608,1.2836
1640,0.7844,1.9886
1641,1.0414,2.1352
1642,0.6584,2.5922
1643,0.2222,1.5954
1644,0.4751,1.3958
1645,0.2345,1.5348
1646,0.7352,1.2656
1647,0.2376,2.5461
1648,0.6175,1.9085
1649,0.2386,2.4146
1650,0.2478,1.3906
1651,0.6042,2.4491
1652,0.2335,2.4854
1653,0.9974,2.2361
1654,0.2570,2.7902
1655,0.2263,2.1245
1656,0.5765,2.4321
1657,0.2499,2.0606
1658,0.2775,1.6752
1659,0.7475,1.2516
1660,0.2529,2.4012
1661,0.4342,1.4609
1662,0.2427,2.2222
1663,0.2519,1.6784
1664,0.2253,1.3721
1665,0.6840,1.5075
1666,0.2150,1.8348
1667,0.2365,0.9613
1668,0.2642,1.6106
1669,0.2273,1.3167
1670,0.2212,1.9219
1671,0.3881,1.3347
1672,0.5888,1.2170
1673,0.2509,1.8406
1674,0.2499,1.4930
1675,0.2458,1.2659
1676,0.8028,1.4744
1677,0.2406,2.0655
1678,0.2335,0.8129
1679,0.2253,1.2288
1680,1.0199,1.1068
1681,0.2529,2.2514
1682,0.2202,0.9059
1683,0.6564,1.4593
1684,0.7752,1.6813
1685,0.2632,2.1294
1686,0.2058,0.7086
1687,0.2181,0.7673
1688,0.6881,1.1762
1689,0.2294,1.9878
1690,0.2755,0.9982
1691,0.2232,1.0894
1692,0.4526,1.1415
1693,0.2540,1.3802
1694,0.2150,1.1726
1695,0.2191,0.8376
1696,0.2171,0.8853
1697,0.3942,0.9495
1698,1.2104,1.1018
1699,0.2181,2.1671
1700,0.2191,0.8583
1701,0.4864,0.8146
1702,0.6840,1.2509
1703,0.2150,1.7699
1704,0.2294,1.1644
1705,0.7311,2.8092
1706,0.2284,1.5065
1707,0.2243,0.9373
1708,0.2048,0.5515
1709,0.2243,0.7743
1710,0.2068,0.9237
1711,0.7649,1.1212
1712,0.2683,1.2125
1713,0.2191,0.8065
1714,0.2068,1.0578
1715,0.2396,1.1356
1716,0.7711,0.8198
1717,0.2120,1.5314
1718,0.2550,0.9689
1719,0.2284,1.2900
1720,1.3588,1.3652
1721,0.2642,2.0892
1722,0.2263,1.2337
1723,0.2273,1.0987
1724,1.1940,1.3040
1725,0.2335,1.9892
1726,0.2304,1.1275
1727,0.2324,1.1805
1728,0.5140,0.9587
1729,0.2335,1.2955
1730,0.2570,1.4667
1731,0.2171,1.1511
1732,0.2488,1.3014
1733,0.2447,1.1569
1734,0.2294,1.6262
1735,0.2396,1.0150
1736,0.2488,1.0833
1737,1.2042,1.3093
1738,0.2744,1.9236
1739,0.2427,1.0740
1740,0.2232,1.0912
1741,0.2130,0.8886
1742,0.3308,0.8599
1743,0.2591,1.8272
1744,0.2243,0.7740
1745,0.2447,0.9038
1746,0.4516,0.6198
1747,0.9114,0.9719
1748,0.2150,1.5960
1749,0.3092,0.7105
1750,0.3758,0.8376
1751,0.2939,0.8651
1752,0.2468,0.7498
1753,0.7485,1.3616
1754,0.2099,1.3702
1755,0.2273,1.0207
1756,0.2345,0.7916
1757,0.2263,0.5857
1758,0.7916,1.1620
1759,0.3809,1.1526
1760,0.2130,1.8436
1761,0.3359,1.1742
1762,0.6062,1.5672
1763,0.2304,2.3557
1764,0.3031,0.8137
1765,0.5796,1.1902
1766,0.2324,1.0771
1767,0.7127,1.1673
1768,0.3318,1.6306
1769,0.2130,0.7502
1770,0.2099,0.6797
1771,0.2099,0.6542
1772,0.2212,0.7069
1773,0.2007,0.6759
1774,0.2468,1.0705
1775,0.1987,1.0967
1776,0.2007,0.6558
1777,0.1997,0.6587
1778,0.2243,0.6423
1779,0.2140,0.8046
1780,0.2253,2.8632
1781,0.1976,1.0079
1782,0.2191,1.0593
1783,0.6216,1.1834
1784,0.2150,1.4538
1785,0.2212,0.7370
1786,0.2243,0.6659
1787,0.2304,0.7004
1788,0.2304,0.8087
1789,0.7854,0.7633
1790,0.2048,1.3361
1791,0.2171,0.6656
1792,0.1997,0.6896
1793,0.2007,0.6448
1794,0.2232,0.6597
1795,0.1956,0.6783
1796,0.9421,0.8939
1797,0.2028,1.2764
1798,0.2171,1.0010
1799,0.2253,0.6572
1800,0.1925,0.7122
1801,0.2417,0.6319
1802,0.2345,0.7144
1803,0.1966,0.5582
1804,0.3144,0.9945
1805,0.2028,0.8076
1806,0.1997,0.6532
1807,0.2847,0.7059
1808,0.2171,0.8037
1809,0.2079,0.7051
1810,0.1987,0.7434
1811,0.2089,0.9828
1812,0.1997,0.6745
1813,0.2058,0.6546
1814,0.2857,0.6755
1815,0.2253,0.8356
1816,0.4424,0.7197
1817,0.2058,1.1155
1818,0.1997,0.8104
1819,0.1925,0.5982
1820,0.1976,0.5834
1821,0.2171,0.7111
1822,0.2816,0.5754
1823,0.2161,0.8385
1824,0.2038,0.9931
1825,0.2058,0.5294
1826,0.2253,0.9409
1827,0.2099,0.7374
1828,0.1997,0.6576
1829,0.2017,0.6561
1830,0.1966,0.6565
1831,0.3072,0.6519
1832,0.5202,0.8034
1833,0.1987,0.9586
1834,0.1987,0.6786
1835,0.1987,0.6546
1836,0.2028,0.6673
1837,0.2683,0.6649
1838,0.1997,0.7245
1839,0.1925,0.6881
1840,0.2294,0.7750
1841,0.2007,0.9651
1842,0.1935,0.6736
1843,0.1935,0.6494
1844,0.1976,0.6448
1845,0.2038,0.6453
1846,0.2028,0.6804
1847,0.5509,0.6493
1848,0.1935,1.0758
1849,0.2243,0.6763
1850,0.1966,0.6760
1851,0.2038,0.6514
1852,0.1925,0.6650
1853,0.2048,0.6473
1854,0.1925,0.6831
1855,0.5243,0.7315
1856,0.2058,0.9745
1857,0.1915,0.6985
1858,0.2038,0.6458
1859,0.1956,0.6721
1860,0.2120,0.6473
1861,0.1987,0.5280
1862,0.1956,0.6564
1863,0.6236,0.7677
1864,0.2007,1.0546
1865,0.1946,0.6785
1866,0.2140,0.6506
1867,0.2007,0.6657
1868,0.2017,0.6574
1869,0.2007,0.6554
1870,0.2099,0.6502
1871,0.2150,0.7638
1872,0.1925,0.9324
1873,0.2028,0.6644
1874,0.2048,0.6484
1875,0.1915,0.6640
1876,0.2028,0.6412
1877,0.2079,0.6679
1878,0.2028,0.6613
1879,0.2068,0.7593
1880,0.1946,0.9447
1881,0.2519,0.6511
1882,0.2263,0.7152
1883,0.2826,0.7308
1884,0.2171,0.7933
1885,0.3369,0.6853
1886,0.5243,0.7968
1887,0.1987,1.0136
1888,0.2089,0.6785
1889,0.2038,0.6586
1890,0.1935,0.6602
1891,0.2038,0.6401
1892,0.2028,0.6557
1893,0.2150,0.6646
1894,0.2284,1.2749
1895,0.2089,0.6730
1896,0.1925,0.6597
1897,0.2017,0.6535
1898,0.2089,0.6575
1899,0.2068,0.6654
1900,0.2345,0.6696
1901,0.1946,0.7964
1902,0.1976,0.6589
1903,0.2109,0.7980
1904,0.2007,0.7199
1905,0.2038,0.6543
1906,0.1905,0.6607
1907,0.2028,0.6421
1908,0.2017,0.6742
1909,0.2099,0.7661
1910,0.2222,0.6307
1911,0.2120,0.8925
1912,0.2028,0.6607
1913,0.2171,0.6537
1914,0.2068,0.7121
1915,0.2079,0.7023
1916,0.3369,0.6543
1917,0.2068,0.8197
1918,0.2406,0.6686
1919,0.1946,0.9987
1920,0.1976,0.6596
1921,0.2191,0.6398
1922,0.1987,0.7144
1923,0.2007,0.6615
1924,0.1987,0.6369
1925,0.4116,0.7958
1926,0.2109,1.2173
1927,0.2048,0.7369
1928,0.1935,0.6625
1929,0.1987,0.6406
1930,0.1956,0.6474
1931,0.2243,0.6794
1932,0.5345,0.7447
1933,0.1976,1.0104
1934,0.2028,0.6840
1935,0.2161,0.6581
1936,0.2028,0.8414
1937,0.3389,0.5398
1938,0.6605,0.8374
1939,0.5560,1.1298
1940,0.2099,1.1389
1941,0.2048,0.6291
1942,0.1966,0.6730
1943,0.2007,0.6469
1944,0.2089,0.6541
1945,0.1956,0.6549
1946,0.2130,0.8237
1947,0.2263,0.6101
1948,0.1956,0.9615
1949,0.1976,0.6547
1950,0.1946,0.6543
1951,0.2007,0.6470
1952,0.1946,0.6534
1953,0.2007,0.6592
1954,0.2191,0.7627
1955,0.2212,0.6665
1956,0.2099,0.9251
1957,0.1987,0.6860
1958,0.1925,0.6429
1959,0.2120,0.6459
1960,0.1976,0.6689
1961,0.3666,0.6473
1962,0.2038,0.8274
1963,0.2048,0.6461
1964,0.2181,0.8188
1965,0.2068,0.7156
1966,0.1946,0.6343
1967,0.1884,0.6536
1968,0.2120,0.6388
1969,0.3215,0.7025
1970,0.5509,0.6644
1971,0.2048,1.0386
1972,0.2099,0.6752
1973,0.1925,0.6782
1974,0.1946,0.6373
1975,0.1946,0.6497
1976,0.1946,0.6427
1977,0.2038,0.6525
1978,0.1997,0.7807
1979,0.2028,0.9166
1980,0.2068,0.7025
1981,0.2038,0.5125
1982,0.2028,0.6731
1983,0.1956,0.6739
1984,0.1925,0.6541
1985,0.2058,0.6454
1986,0.2232,0.7746
1987,0.1966,0.9257
1988,0.2028,0.6902
1989,0.1966,0.6910
1990,0.2222,0.6952
1991,0.2079,0.5353
1992,0.2028,0.6707
1993,0.2017,0.6642
1994,0.2089,0.7473
1995,0.1946,0.9860
1996,0.2089,0.6540
1997,0.1976,0.6687
1998,0.3543,0.6760
1999,0.1976,0.7561
2000,0.2222,0.6139
2001,0.2243,0.8001
2002,0.2232,0.6123
2003,0.2028,0.9412
2004,0.1997,0.6391
2005,0.1966,0.6664
2006,0.2017,0.6550
2007,0.2038,0.6710
2008,0.2058,0.6642
2009,0.2161,0.7844
2010,0.2017,0.6763
2011,0.1956,0.8066
2012,0.1956,0.6660
2013,0.2284,0.6496
2014,0.2263,1.0520
2015,0.1956,0.5472
2016,0.2017,0.6697
2017,0.2877,0.7739
2018,0.2089,1.0187
2019,0.2028,0.7143
2020,0.1956,0.6583
2021,0.2273,0.6503
2022,0.2376,0.8816
2023,0.1956,0.5561
2024,0.2048,0.7894
2025,0.1976,0.6415
2026,0.2079,0.7972
2027,0.2253,0.9648
2028,0.1935,0.5629
2029,0.2284,0.6527
2030,0.1915,0.9725
2031,0.1997,0.5401
2032,0.2089,0.7839
2033,0.2068,0.9262
2034,0.3052,0.7377
2035,0.1966,0.6455
2036,0.1935,0.6458
2037,0.2324,0.6547
2038,0.2017,0.9542
2039,0.1925,0.6380
2040,0.2048,0.6447
2041,0.1905,0.9569
2042,0.2099,0.6503
2043,0.2191,0.6594
2044,0.2232,0.8639
2045,0.2089,0.5275
2046,0.2038,0.6713
2047,0.1946,2.5001
2048,0.2058,0.6789
2049,0.2089,0.6669
2050,0.2089,0.6640
2051,0.2079,0.6653
2052,0.2089,0.6715
2053,0.2191,0.7096
2054,0.2038,0.9723
2055,0.2140,0.6856
2056,0.2007,0.6416
2057,0.2355,0.6572
2058,0.2171,0.9962
2059,0.3226,0.6458
2060,0.5356,0.8972
2061,0.2222,0.8662
2062,0.2243,0.7079
2063,0.2038,0.7390
2064,0.1976,0.6274
2065,0.1915,0.6454
2066,0.2089,0.6515
2067,0.1987,0.6619
2068,0.2181,0.7036
2069,0.2038,0.9721
2070,0.1946,0.6668
2071,0.2089,0.6526
2072,0.1956,0.6589
2073,0.1956,0.6484
2074,0.2007,0.6403
2075,0.2355,0.7813
2076,0.2099,0.5736
2077,0.1987,0.8157
2078,0.2068,0.6412
2079,0.1976,0.6740
2080,0.1946,0.6510
2081,0.1987,0.6492
2082,0.2386,0.6620
2083,0.2437,1.1684
2084,0.2314,1.3206
2085,0.2406,0.7231
2086,0.1946,0.6375
2087,0.1997,0.6299
2088,0.2109,0.6517
2089,0.2109,0.6755
2090,0.2099,1.0345
2091,0.2007,0.7792
2092,0.1956,0.6854
2093,0.2007,0.6503
2094,0.2038,0.6744
2095,0.1976,0.6355
2096,0.2161,0.6472
2097,0.2212,0.7006
2098,0.2191,0.7857
2099,0.1935,0.9310
2100,0.1935,0.6741
2101,0.1956,0.6455
2102,0.2109,0.6611
2103,0.1935,0.6747
2104,0.2048,0.6382
2105,0.2171,0.7979
2106,0.2212,0.9047
2107,0.2058,0.7304
2108,0.1956,0.6754
2109,0.1956,0.6430
2110,0.2007,0.6536
2111,0.1966,0.6570
2112,0.1966,0.6590
2113,0.5243,0.9615
2114,0.1987,0.8587
2115,0.2120,0.6790
2116,0.2038,0.6737
2117,0.1946,0.6485
2118,0.1915,0.6532
2119,0.2068,0.6955
2120,0.2898,0.6626
2121,0.2058,0.7502
2122,0.2150,0.9132
2123,0.1987,0.6846
2124,0.1966,0.6380
2125,0.2161,0.6713
2126,0.1966,0.6721
2127,0.2212,0.6406
2128,0.2191,0.7809
2129,0.2079,0.7470
2130,0.2017,0.9100
2131,0.2089,0.6444
2132,0.2068,0.6679
2133,0.3031,0.6892
2134,0.2191,0.8025
2135,0.2109,0.6556
2136,0.2109,0.7704
2137,0.2150,0.6920
2138,0.2335,0.9207
2139,0.2109,0.6758
2140,0.2253,0.7581
2141,0.2376,0.7097
2142,0.2017,0.7065
2143,0.2263,0.6271
2144,0.2068,0.8145
2145,0.2140,0.9031
2146,0.2355,0.7350
2147,0.2304,0.6386
2148,0.2058,0.6535
2149,0.2447,0.7334
2150,0.1925,0.7255
2151,0.5284,0.8493
2152,0.3154,0.9962
2153,0.2345,1.0300
2154,0.2253,0.7872
2155,0.1987,0.7916
2156,0.2826,0.7744
2157,0.2929,0.6778
2158,0.2458,0.9508
2159,0.2232,0.9756
2160,0.2304,0.7674
2161,0.2714,0.8084
2162,0.2171,0.7225
2163,0.2335,0.6786
2164,0.2570,0.7521
2165,0.4137,1.0569
2166,0.2232,0.9979
2167,0.2304,0.8558
2168,0.2222,1.3235
2169,0.2345,0.8968
2170,0.6461,1.0933
2171,0.2314,1.0998
2172,0.2468,0.7088
2173,0.1997,0.7592
2174,0.2376,0.7196
2175,0.2263,0.6923
2176,0.5519,0.7833
2177,0.4874,1.0455
2178,0.2263,1.1499
2179,0.2611,0.8624
2180,0.2140,0.8125
2181,0.2509,0.6992
2182,0.2601,0.9013
2183,0.2161,0.8012
2184,0.2181,0.8828
2185,0.2324,1.4020
2186,0.2232,0.7703
2187,0.2212,0.8062
2188,0.2058,0.7128
2189,0.2232,0.7727
2190,0.2365,0.8634
2191,0.2222,0.9305
2192,0.2222,0.6946
2193,0.2058,0.7845
2194,0.2068,0.5672
2195,0.2263,0.6713
2196,0.2232,0.7388
2197,0.2109,0.8941
2198,0.2130,0.9510
2199,0.2038,0.6576
2200,0.2028,0.6748
2201,0.2007,0.6707
2202,0.2028,0.6640
2203,0.2243,0.6671
2204,0.2038,0.7597
2205,0.2109,0.6609
2206,0.2099,0.9746
2207,0.1997,0.6626
2208,0.2007,0.6589
2209,0.2007,0.6762
2210,0.1976,0.6461
2211,0.2857,0.6455
2212,0.2038,0.8026
2213,0.2847,0.9079
2214,0.2007,0.7928
2215,0.2017,0.6651
2216,0.1976,0.6527
2217,0.1987,0.6619
2218,0.2847,0.7125
2219,0.2304,0.6698
2220,0.2079,0.7316
2221,0.2028,0.9036
2222,0.1997,0.6540
2223,0.1997,0.6512
2224,0.1997,0.6583
2225,0.2109,0.6612
2226,0.2181,0.8093
2227,0.1987,0.6004
2228,0.2171,0.6606
2229,0.1987,0.9389
2230,0.1976,0.6786
2231,0.1976,0.6352
2232,0.2017,0.6615
2233,0.2120,0.6500
2234,0.1987,0.6652
2235,0.5458,0.7793
2236,0.2775,1.0692
2237,0.2017,0.7503
2238,0.1976,0.6735
2239,0.1966,0.6712
2240,0.1997,0.6537
2241,0.1997,0.6638
2242,0.2058,0.6786
2243,0.2048,0.7693
2244,0.1976,0.9190
2245,0.2243,0.6800
2246,0.2089,0.6932
2247,0.2058,0.6835
2248,0.1997,0.6767
2249,0.2007,0.6576
2250,0.1905,0.6619
2251,0.2109,0.7083
2252,0.1966,0.9802
2253,0.2304,0.6536
2254,0.1987,0.7421
2255,0.2130,0.7317
2256,0.2028,0.6177
2257,0.2089,0.6702
2258,0.5304,0.8800
2259,0.2222,0.9705
2260,0.2611,0.8045
2261,0.1987,0.5712
2262,0.2068,0.6526
2263,0.2877,0.6933
2264,0.2038,0.7557
2265,0.2273,0.6666
2266,0.2263,0.7300
2267,0.2058,0.9620
2268,0.2109,0.6353
2269,0.2048,0.6817
2270,0.2079,0.6589
2271,0.2048,0.6591
2272,0.2028,0.6739
2273,0.1987,0.7562
2274,0.2314,0.5209
2275,0.1997,0.9510
2276,0.1925,0.6588
2277,0.1976,0.6435
2278,0.1987,0.6500
2279,0.1935,0.6643
2280,0.1966,0.6457
2281,0.2058,0.6569
2282,0.2068,0.6785
2283,0.2017,0.8239
2284,0.1987,0.6895
2285,0.2089,0.6566
2286,0.2017,0.6604
2287,0.2058,0.6527
2288,0.2079,0.6635
2289,0.2202,0.6591
2290,0.2130,0.7571
2291,0.2324,0.7780
2292,0.2243,0.8969
2293,0.2785,0.6247
2294,0.2232,0.7638
2295,0.2048,0.6962
2296,0.3174,0.6616
2297,0.2048,0.7949
2298,0.2161,0.9083
2299,0.1956,0.6808
2300,0.2202,0.6611
2301,0.2068,0.6733
2302,0.1987,0.6569
2303,0.1956,0.6528
2304,0.3011,0.6637
2305,0.2109,0.8164
2306,0.2038,0.8975
2307,0.1987,0.6921
2308,0.2007,0.6488
2309,0.2068,0.6545
2310,0.1946,0.6650
2311,0.2222,0.6488
2312,0.1925,0.6719
2313,0.2068,0.7652
2314,0.2079,0.9661
2315,0.2120,0.6796
2316,0.2028,0.6737
2317,0.1956,0.6549
2318,0.2171,0.6525
2319,0.1997,0.6793
2320,0.1956,0.6633
2321,0.2079,0.7127
2322,0.2038,0.9446
2323,0.2017,0.6494
2324,0.3441,0.6821
2325,0.2068,0.7832
2326,0.1987,0.6566
2327,0.2058,0.6731
2328,0.5560,0.7385
2329,0.2109,0.9990
2330,0.2058,0.7041
2331,0.2099,0.6519
2332,0.2058,0.6737
2333,0.2017,0.6530
2334,0.2017,0.6526
2335,0.2202,0.6554
2336,0.2028,0.8733
2337,0.2007,0.8506
2338,0.1997,0.6628
2339,0.2038,0.6504
2340,0.2068,0.6662
2341,0.2048,0.6595
2342,0.2058,0.6676
2343,0.1966,0.6600
2344,0.2191,0.7331
2345,0.2058,0.8403
2346,0.2263,0.6617
2347,0.2028,0.6765
2348,0.2058,0.6703
2349,0.2079,0.6693
2350,0.2028,0.6670
2351,0.1946,0.6494
2352,0.2109,0.7802
2353,0.2099,0.8200
2354,0.1956,0.6693
2355,0.2058,0.6453
2356,0.2017,0.6656
2357,0.2089,0.6570
2358,0.1987,0.6674
2359,0.1905,0.6628
2360,0.2109,0.7259
2361,0.2017,0.9945
2362,0.1966,0.6503
2363,0.1966,0.6418
2364,0.2038,0.6624
2365,0.2079,0.6615
2366,0.1966,0.6541
2367,0.5263,0.6522
2368,0.2048,1.1248
2369,0.2099,0.6609
2370,0.2273,0.6863
2371,0.2120,0.6496
2372,0.2007,0.5716
2373,0.2089,0.6652
2374,0.2140,0.6480
2375,0.5161,0.7552
2376,0.1966,0.9656
2377,0.1976,0.6817
2378,0.2028,0.6627
2379,0.2324,0.6564
2380,0.1987,0.7741
2381,0.2068,0.6436
2382,0.5007,0.6479
2383,0.2089,0.9581
2384,0.1966,0.9704
2385,0.2007,0.6541
2386,0.2028,0.6684
2387,0.1997,0.6479
2388,0.5233,2.4667
2389,0.2130,0.8887
2390,0.2028,0.7769
2391,0.2212,0.6591
2392,0.1966,0.6681
2393,0.2099,0.6529
2394,0.1997,0.6656
2395,0.1976,0.6521
2396,0.2079,0.7821
2397,0.2243,0.9126
2398,0.2191,0.7690
2399,0.2468,0.7677
2400,0.2499,0.5709
2401,0.2437,0.7465
2402,0.3246,0.7916
2403,0.5315,0.7200
2404,0.2161,1.0075
2405,0.2028,0.6930
2406,0.1956,0.6584
2407,0.2028,0.6383
2408,0.1946,0.6605
2409,0.2028,0.6462
2410,0.2120,0.6722
2411,0.2191,0.7813
2412,0.1976,0.9510
2413,0.1976,0.6549
2414,0.2028,0.6519
2415,0.1956,0.6626
2416,0.1966,0.6550
2417,0.2130,0.6461
2418,0.1956,0.6640
2419,0.2304,0.7044
2420,0.1997,0.9979
2421,0.2017,0.6485
2422,0.2079,0.6452
2423,0.2007,0.6727
2424,0.2007,0.6605
2425,0.2212,0.6562
2426,0.2099,0.8167
2427,0.2089,0.5997
2428,0.2161,0.9196
2429,0.2294,1.0310
2430,0.2140,0.9747
2431,0.4383,0.5404
2432,0.3041,1.0970
2433,0.2294,0.8296
2434,0.2304,1.1482
2435,0.2253,0.7293
2436,0.2181,0.9640
2437,0.2099,0.5431
2438,0.2243,0.9857
2439,0.2478,0.7425
2440,0.2243,1.0599
2441,0.2273,0.9329
2442,0.4680,0.7364
2443,0.2253,0.8440
2444,0.2140,1.1486
2445,0.5325,1.0467
2446,0.2232,0.8582
2447,0.2417,1.0579
2448,0.2028,0.5603
2449,0.2263,1.0130
2450,0.2447,0.9253
2451,0.2089,0.5852
2452,0.2150,0.7586
2453,0.2253,1.0507
2454,0.2273,1.0615
2455,0.1966,0.5625
2456,0.2232,1.0060
2457,0.2130,0.6851
2458,0.5335,0.9891
2459,0.2099,0.9411
2460,0.2222,0.9706
2461,0.2202,0.8619
2462,0.2458,0.7182
2463,0.2222,0.6865
2464,0.3062,0.7897
2465,0.2273,0.6372
2466,0.2376,1.0707
2467,0.2120,1.0097
2468,0.2202,1.1959
2469,0.2243,0.7931
2470,0.2284,0.9862
2471,0.2294,0.7723
2472,0.2652,1.0474
2473,0.2202,0.9086
2474,0.2355,0.8214
2475,0.2140,1.4045
2476,0.5601,1.0497
2477,0.2232,1.3073
2478,0.2222,1.0755
2479,0.3533,0.6835
2480,0.2099,0.7515
2481,0.2418,1.0437
2482,0.5868,0.5934
2483,0.2621,1.1107
2484,0.2191,0.7392
2485,0.2253,0.9122
2486,0.2365,0.9300
2487,0.2222,0.7428
2488,0.2304,0.8724
2489,0.2171,0.8584
2490,0.2355,1.1679
2491,0.2099,0.8407
2492,0.2130,0.8829
2493,0.2396,0.8969
2494,0.2253,1.0574
2495,0.2181,0.8096
2496,0.2335,1.0499
2497,0.2314,0.9941
2498,0.2212,1.0127
2499,0.2386,1.0134
2500,0.5345,1.2567
2501,0.2355,1.2102
2502,0.2253,0.7289
2503,0.2406,0.8641
2504,0.2099,1.0698
2505,0.3236,0.5467
2506,0.2161,1.2612
2507,0.2109,1.7982
2508,0.2222,0.9136
2509,0.8243,1.2693
2510,0.6513,1.7377
2511,0.2345,1.5765
2512,0.2796,1.3921
2513,0.2662,1.5556
2514,0.6461,1.2776
2515,0.2406,1.3072
2516,0.2458,1.2007
2517,0.2191,1.0227
2518,0.2038,0.8847
2519,0.2140,1.0038
2520,0.2140,1.0053
2521,0.2140,0.9717
2522,0.2181,1.0066
2523,0.2181,1.0147
2524,0.5437,1.1106
2525,0.2017,1.1795
2526,0.2181,0.9599
2527,0.2468,0.8351
2528,0.2324,2.2966
2529,0.2079,1.1428
2530,0.2079,1.1045
2531,0.1976,1.2005
2532,0.2028,1.0123
2533,0.2212,0.9337
2534,0.2191,0.9187
2535,0.2222,1.0902
2536,0.2253,0.9799
2537,0.2212,0.9652
2538,0.2406,1.0019
2539,0.5478,1.0084
2540,0.2232,1.0714
2541,0.2181,0.9115
2542,0.2222,0.9828
2543,0.2263,0.9707
2544,0.2202,0.9982
2545,0.2222,0.9604
2546,0.2386,1.0087
2547,0.2212,0.9500
2548,0.1997,1.0026
2549,0.2222,0.9334
2550,0.2130,0.7192
2551,0.2294,0.9909
2552,0.2099,0.6780
2553,0.2191,1.0582
2554,0.1997,0.5468
2555,0.2499,1.0150
2556,0.3052,0.9584
2557,0.5458,0.7402
2558,0.2048,1.2326
2559,0.2294,0.6097
2560,0.2345,0.9578
2561,0.2959,0.5920
2562,0.2243,0.8228
2563,0.2365,1.1959
2564,0.2150,0.6641
2565,0.2028,0.9257
2566,0.3871,0.6455
2567,0.4690,1.2834
2568,0.2058,1.1757
2569,0.8663,0.8592
2570,0.3594,1.7023
2571,0.2150,0.7206
2572,0.2284,0.9852
2573,0.2028,0.5543
2574,0.2304,0.6744
2575,0.5673,1.1096
2576,0.2499,0.9376
2577,0.2243,0.7748
2578,0.2212,0.6509
2579,0.2017,0.6560
2580,0.2294,1.2228
2581,0.2099,1.1759
2582,0.2079,0.9117
2583,0.2130,1.1134
2584,0.2130,1.0247
2585,0.2939,0.5935
2586,0.2191,0.7319
2587,0.2191,0.7155
2588,0.5130,0.6763
2589,0.3205,0.9706
2590,0.2396,0.8936
2591,0.2396,0.6993
2592,0.2243,1.0149
2593,0.7700,0.8317
2594,0.2191,1.1926
2595,0.2079,0.8730
2596,0.1946,0.7005
2597,0.2068,0.6405
2598,0.2068,0.6982
2599,0.4086,0.6859
2600,0.4076,0.9578
2601,0.4987,1.2724
2602,0.2212,1.0740
2603,0.2161,0.6675
2604,0.2058,0.6687
2605,0.2253,0.7096
2606,0.1997,0.7037
2607,0.1966,0.6535
2608,0.5427,0.7186
2609,0.1946,1.0129
2610,0.2028,0.6711
2611,0.2079,0.6584
2612,0.2120,0.6824
2613,0.2099,0.6643
2614,0.1997,0.7276
2615,0.2028,0.6164
2616,0.2232,0.6569
2617,0.2161,0.9389
2618,0.2243,0.7045
2619,0.2109,0.7005
2620,0.2028,0.6706
2621,0.2140,0.6496
2622,0.2253,0.6725
2623,0.2458,1.1093
2624,0.2263,0.6512
2625,0.3727,0.9415
2626,0.2263,0.9091
2627,0.3338,0.7161
2628,0.2355,0.8620
2629,0.2447,0.7213
2630,0.5519,0.9521
2631,0.2089,1.0655
2632,0.1976,0.6489
2633,0.2028,0.6495
2634,0.2816,0.7082
2635,0.2028,0.7610
2636,0.2273,0.6509
2637,0.2038,0.7483
2638,0.2079,0.6625
2639,0.1987,0.9737
2640,0.2161,0.6814
2641,0.2130,0.7063
2642,0.2345,0.8800
2643,0.1987,0.5967
2644,0.2222,0.6198
2645,0.2068,0.7557
2646,0.2007,0.9176
2647,0.2048,0.6936
2648,0.2017,0.6703
2649,0.2089,0.6673
2650,0.2150,0.7000
2651,0.2079,0.6700
2652,0.6605,0.7978
2653,0.2038,1.2202
2654,0.2058,0.6611
2655,0.2365,0.6771
2656,0.2284,0.7315
2657,0.3103,0.7201
2658,0.5847,0.9180
2659,0.2028,1.0291
2660,0.2284,0.8665
2661,0.3236,0.7824
2662,0.2263,0.8589
2663,0.2130,0.7024
2664,0.1976,0.6514
2665,0.2857,0.6510
2666,0.5345,0.8018
2667,0.2017,0.9950
2668,0.2038,0.7090
2669,0.1987,0.6861
2670,0.2007,0.6507
2671,0.2109,0.7173
2672,0.2109,0.6471
2673,0.2181,0.6744
2674,0.2324,0.7196
2675,0.2089,0.9849
2676,0.2202,0.6892
2677,0.2089,0.6986
2678,0.2028,0.6730
2679,0.2130,0.6602
2680,0.4321,0.6918
2681,0.2877,0.9422
2682,0.2304,1.0038
2683,0.2079,0.7655
2684,0.2202,0.7168
2685,0.1997,0.6263
2686,0.2150,0.6821
2687,0.2007,0.6773
2688,0.5448,0.7684
2689,0.2243,1.0068
2690,0.2017,0.7495
2691,0.2058,0.6786
2692,0.2079,0.6648
2693,0.2120,0.6599
2694,0.2150,0.6907
2695,0.2058,0.6889
2696,0.2130,0.7862
2697,0.2314,1.1581
2698,0.2038,0.5907
2699,0.2007,0.6546
2700,0.1925,0.6533
2701,0.2089,0.6516
2702,0.4096,0.6837
2703,0.6011,0.9232
2704,0.2345,1.0643
2705,0.1956,0.7382
2706,0.2079,0.6481
2707,0.2038,0.6597
2708,0.2048,0.6533
2709,0.2171,0.6618
2710,0.2068,0.6874
2711,0.2130,0.7818
2712,0.2048,0.9320
2713,0.2079,0.6629
2714,0.1987,0.6747
2715,0.2089,0.6660
2716,0.2161,0.6400
2717,0.1976,0.6741
2718,0.2294,0.8034
2719,0.2079,0.5960
2720,0.1935,0.9221
2721,0.2079,0.6555
2722,0.1966,0.6606
2723,0.1987,0.6480
2724,0.1976,0.6624
2725,0.2007,0.6810
2726,0.5222,0.8751
2727,0.2089,0.8510
2728,0.1976,0.6991
2729,0.2273,2.4859
2730,0.2345,0.5806
2731,0.2191,0.7197
2732,0.2284,0.5487
2733,0.2007,1.0222
2734,0.2161,0.6758
2735,0.1987,0.6691
2736,0.2038,0.6395
2737,0.1966,0.7097
2738,0.2284,0.6796
2739,0.5673,0.7966
2740,0.2028,1.0327
2741,0.1956,0.5581
2742,0.1966,0.6496
2743,0.2007,0.6441
2744,0.2109,0.6559
2745,0.2273,0.6919
2746,0.3410,0.8098
2747,0.5489,0.8242
2748,0.2130,1.0164
2749,0.2120,0.7032
2750,0.2181,0.6743
2751,0.2007,0.6725
2752,0.1997,0.6814
2753,0.2099,0.6602
2754,0.2150,0.7689
2755,0.2150,0.6087
2756,0.2335,0.9412
2757,0.2345,0.6861
2758,0.2222,0.6854
2759,0.2161,0.6661
2760,0.2406,0.6911
2761,0.3461,0.7309
2762,0.2232,0.8305
2763,0.2099,0.9099
2764,0.2150,0.6803
2765,0.2253,0.7233
2766,0.2161,0.6876
2767,0.2294,0.8119
2768,0.2232,0.6226
2769,0.2099,0.6798
2770,0.2304,0.6381
2771,0.2417,1.0511
2772,0.2386,0.7771
2773,0.2212,0.8455
2774,0.2345,0.7535
2775,0.4946,0.6953
2776,0.5489,1.2235
2777,0.2284,1.0372
2778,0.2386,0.6603
2779,0.2263,0.9126
2780,0.4383,0.8805
2781,0.2355,1.2073
2782,0.5519,0.9943
2783,0.2253,1.0842
2784,0.2038,0.7700
2785,0.2376,1.2255
2786,0.2386,0.8642
2787,0.9134,1.0030
2788,0.2386,1.4058
2789,0.2365,1.1692
2790,0.2519,1.5490
2791,0.2386,0.9372
2792,0.2335,1.0424
2793,0.2120,0.9938
2794,0.2202,0.6855
2795,0.2202,0.8029
2796,0.2109,0.9168
2797,0.2386,1.1885
2798,0.2376,0.8687
2799,0.2304,1.0219
2800,0.2109,1.0722
2801,0.6093,1.0709
2802,0.2109,1.2678
2803,0.2273,0.8707
2804,0.2560,0.9736
2805,0.2652,1.2206
2806,0.5837,0.8701
2807,0.3523,1.0567
2808,0.5192,0.9479
2809,0.2181,1.3652
2810,0.2171,0.9799
2811,0.2212,0.6987
2812,0.2406,0.7059
2813,0.3185,0.7378
2814,0.2253,0.8443
2815,0.2109,1.3089
2816,0.4229,0.7645
2817,0.2089,1.0857
2818,0.2150,0.6353
2819,0.2212,0.6860
2820,0.2130,0.6938
2821,0.6113,0.6829
2822,0.2396,1.2666
2823,0.2150,0.9626
2824,0.2191,0.7238
2825,0.3031,0.6919
2826,0.6349,0.8273
2827,0.2253,1.2041
2828,0.2222,1.2728
2829,0.2150,0.6926
2830,0.2335,0.6782
2831,0.2007,0.7302
2832,0.2161,0.6349
2833,0.2120,0.7117
2834,0.2089,0.6645
2835,0.5171,0.7822
2836,0.2949,1.2225
2837,0.1935,0.8244
2838,0.2038,0.6246
2839,0.1987,0.6582
2840,0.1997,0.6612
2841,0.3543,0.6735
2842,0.5294,0.8012
2843,0.2161,0.9902
2844,0.1987,0.7170
2845,0.2140,0.6317
2846,0.2017,0.7190
2847,0.2007,0.6534
2848,0.2068,0.6830
2849,0.2038,0.6758
2850,0.2068,0.7084
2851,0.2222,1.2351
2852,0.2304,0.9551
2853,0.2089,0.5453
2854,0.2284,1.0800
2855,0.4250,0.6008
2856,0.2058,0.8736
2857,0.2028,0.9242
2858,0.2150,0.6901
2859,0.2007,0.6642
2860,0.2304,0.6538
2861,0.1987,0.7533
2862,0.2222,0.7293
2863,0.3103,0.6167
2864,0.2273,1.0227
2865,0.2253,0.9274
2866,0.2202,0.8007
2867,0.3523,0.6770
2868,0.1966,0.7634
2869,0.2212,0.6205
2870,0.2130,0.6860
2871,0.2048,0.8045
2872,0.2068,0.9222
2873,0.2038,0.6597
2874,0.2048,0.6531
2875,0.1987,0.6499
2876,0.2324,0.6570
2877,0.2058,0.7309
2878,0.2007,0.6571
2879,0.2120,0.7617
2880,0.1976,0.8022
2881,0.1935,0.6576
2882,0.2028,0.6442
2883,0.1987,0.6549
2884,0.2028,0.6533
2885,0.2120,0.6549
2886,0.1925,0.6729
2887,0.2284,0.6799
2888,0.2028,0.9804
2889,0.1966,0.6594
2890,0.2068,0.6484
2891,0.1976,0.6591
2892,0.1987,0.6583
2893,0.1966,0.6461
2894,0.2150,0.6560
2895,0.2161,0.6885
2896,0.2068,0.9643
2897,0.2263,0.8932
2898,0.2304,0.7256
2899,0.2191,0.7100
2900,0.2171,0.5761
2901,0.4536,0.6461
2902,0.2109,0.9198
2903,0.2038,0.9458
2904,0.1966,0.6764
2905,0.1946,0.6485
2906,0.2007,0.6501
2907,0.1987,0.6534
2908,0.1956,0.6674
2909,0.1976,0.6636
2910,0.2355,0.8052
2911,0.1997,0.9441
2912,0.1976,0.6803
2913,0.2038,0.6495
2914,0.2068,0.6620
2915,0.1976,0.6619
2916,0.2089,0.6562
2917,0.2007,0.6607
2918,0.2038,0.5341
2919,0.1987,0.9576
2920,0.2068,0.6542
2921,0.1946,0.6622
2922,0.1966,0.6586
2923,0.2017,0.6424
2924,0.1987,0.6584
2925,0.1935,0.6608
2926,0.2068,0.7030
2927,0.2253,0.9130
2928,0.1976,0.7029
2929,0.2058,0.6365
2930,0.2007,0.6897
2931,0.1946,0.6618
2932,0.2202,0.6985
2933,0.1997,0.6273
2934,0.2079,0.6519
2935,0.2038,0.9215
2936,0.1935,0.6623
2937,0.1976,0.6455
2938,0.2017,0.6617
2939,0.1946,0.6580
2940,0.2017,0.6452
2941,0.2253,0.6665
2942,0.1987,0.7344
2943,0.2038,0.9267
2944,0.2028,0.6718
2945,0.1987,0.6439
2946,0.2017,0.6602
2947,0.2079,0.6415
2948,0.2150,0.6781
2949,0.2068,0.8161
2950,0.2099,0.5734
2951,0.2007,0.9706
2952,0.2089,0.6488
2953,0.2048,0.6651
2954,0.2437,0.6845
2955,0.1987,0.6252
2956,0.1997,0.6581
2957,0.5192,0.7524
2958,0.1976,0.9799
2959,0.1956,0.6783
2960,0.1997,0.6647
2961,0.1935,0.6673
2962,0.2304,0.6457
2963,0.2068,0.6875
2964,0.3031,0.7142
2965,0.2089,0.8029
2966,0.2038,0.9041
2967,0.2304,0.7531
2968,0.2202,0.6377
2969,0.2806,0.6987
2970,0.1987,0.7674
2971,0.1956,0.6491
2972,0.1946,0.6544
2973,0.1987,0.7365
2974,0.2171,0.8940
2975,0.2161,0.6748
2976,0.2028,0.7223
2977,0.2243,0.6647
2978,0.2099,0.6721
2979,0.2140,0.6748
2980,0.5417,0.8519
2981,0.2120,0.9728
2982,0.2140,0.7475
2983,0.2161,0.6843
2984,0.2109,0.7551
2985,0.2406,0.5347
2986,0.2345,0.7537
2987,0.1935,0.7526
2988,0.2007,0.7015
2989,0.2099,0.9140
2990,0.1987,0.6788
2991,0.2017,0.6500
2992,0.1997,0.6525
2993,0.2939,0.6696
2994,0.4618,0.8277
2995,0.4485,0.9992
2996,0.2417,1.3082
2997,0.2417,0.6936
2998,0.2437,0.7407
2999,0.2304,0.7390
